-- phpMyAdmin SQL Dump
-- version 5.2.0
-- https://www.phpmyadmin.net/
--
-- Host: 127.0.0.1
-- Generation Time: Feb 21, 2023 at 07:11 AM
-- Server version: 10.4.27-MariaDB
-- PHP Version: 8.2.0

SET SQL_MODE = "NO_AUTO_VALUE_ON_ZERO";
START TRANSACTION;
SET time_zone = "+00:00";


/*!40101 SET @OLD_CHARACTER_SET_CLIENT=@@CHARACTER_SET_CLIENT */;
/*!40101 SET @OLD_CHARACTER_SET_RESULTS=@@CHARACTER_SET_RESULTS */;
/*!40101 SET @OLD_COLLATION_CONNECTION=@@COLLATION_CONNECTION */;
/*!40101 SET NAMES utf8mb4 */;

--
-- Database: `walmart`
--

-- --------------------------------------------------------

--
-- Table structure for table `brands`
--

CREATE TABLE `brands` (
  `id` bigint(20) UNSIGNED NOT NULL,
  `brand_name` varchar(255) NOT NULL,
  `brand_logo` varchar(255) DEFAULT NULL,
  `created_at` timestamp NULL DEFAULT NULL,
  `updated_at` timestamp NULL DEFAULT NULL
) ENGINE=InnoDB DEFAULT CHARSET=utf8mb4 COLLATE=utf8mb4_unicode_ci;

--
-- Dumping data for table `brands`
--

INSERT INTO `brands` (`id`, `brand_name`, `brand_logo`, `created_at`, `updated_at`) VALUES
(1, 'Gucci', 'gucci-786571.png', NULL, '2023-02-03 16:31:44'),
(2, 'Apple', 'apple-288265.png', NULL, '2023-02-03 16:35:35'),
(3, 'Soney', 'soney-497149.png', NULL, '2023-02-03 16:39:51'),
(4, 'Titan', 'titan-603996.png', NULL, '2023-02-03 16:41:20'),
(5, 'Zara', 'zara-682957.png', NULL, '2023-02-03 16:43:22'),
(6, 'Artisan', 'artisan-121761.jpg', NULL, '2023-02-03 16:45:10'),
(7, 'Hatil', 'hatil-876911.png', NULL, '2023-02-03 16:47:42'),
(8, 'Hermes', 'hermes-687905.png', NULL, '2023-02-03 16:51:20'),
(9, 'Nicke', 'nicke-567470.png', NULL, '2023-02-03 16:53:08'),
(10, 'Kappa', 'kappa-342271.png', NULL, '2023-02-03 17:24:56');

-- --------------------------------------------------------

--
-- Table structure for table `categories`
--

CREATE TABLE `categories` (
  `id` bigint(20) UNSIGNED NOT NULL,
  `category_name` varchar(255) NOT NULL,
  `category_image` varchar(255) DEFAULT NULL,
  `deleted_at` datetime DEFAULT NULL,
  `created_at` timestamp NULL DEFAULT NULL,
  `updated_at` timestamp NULL DEFAULT NULL
) ENGINE=InnoDB DEFAULT CHARSET=utf8mb4 COLLATE=utf8mb4_unicode_ci;

--
-- Dumping data for table `categories`
--

INSERT INTO `categories` (`id`, `category_name`, `category_image`, `deleted_at`, `created_at`, `updated_at`) VALUES
(1, 'Electronics', 'electronics-888114.png', NULL, NULL, '2023-01-29 06:24:38'),
(2, 'Fashion', 'fashion-401548.png', NULL, NULL, '2023-01-29 06:24:43'),
(3, 'Accessories', 'accessories-899880.png', NULL, NULL, '2023-01-29 06:24:50'),
(4, 'Kids', 'kids-740915.png', NULL, NULL, '2023-01-29 06:24:55'),
(5, 'Books', 'books-492082.png', NULL, NULL, '2023-01-29 06:24:59'),
(6, 'Pets', 'pets-177935.png', NULL, NULL, '2023-01-29 06:25:02'),
(7, 'Sports', 'sports-577541.png', NULL, NULL, '2023-01-29 06:25:06'),
(8, 'Furniture', 'furniture-882956.png', NULL, NULL, '2023-02-05 11:12:13');

-- --------------------------------------------------------

--
-- Table structure for table `colors`
--

CREATE TABLE `colors` (
  `id` bigint(20) UNSIGNED NOT NULL,
  `color_name` varchar(255) NOT NULL,
  `color_code` varchar(255) DEFAULT NULL,
  `created_at` timestamp NULL DEFAULT NULL,
  `updated_at` timestamp NULL DEFAULT NULL
) ENGINE=InnoDB DEFAULT CHARSET=utf8mb4 COLLATE=utf8mb4_unicode_ci;

--
-- Dumping data for table `colors`
--

INSERT INTO `colors` (`id`, `color_name`, `color_code`, `created_at`, `updated_at`) VALUES
(1, 'NA', NULL, '2023-02-11 04:47:44', NULL),
(2, 'Red', '#FF0000', '2023-02-11 04:48:50', NULL),
(3, 'Black', '#000000', '2023-02-11 04:49:13', NULL),
(4, 'Blue', '#0000FF', '2023-02-11 04:49:45', NULL),
(6, 'Purple', '#A020F0', '2023-02-11 04:52:21', NULL),
(7, 'Green', '#00FF00', '2023-02-11 04:53:30', NULL),
(8, 'Black Blue', '#00008B', '2023-02-11 04:55:57', NULL),
(9, 'Yellow', '#FFFF00', '2023-02-11 04:56:54', NULL),
(10, 'Silver', '#C0C0C0', '2023-02-21 05:42:46', NULL),
(11, 'Gold', '#FFD700', '2023-02-21 05:43:38', NULL);

-- --------------------------------------------------------

--
-- Table structure for table `failed_jobs`
--

CREATE TABLE `failed_jobs` (
  `id` bigint(20) UNSIGNED NOT NULL,
  `uuid` varchar(255) NOT NULL,
  `connection` text NOT NULL,
  `queue` text NOT NULL,
  `payload` longtext NOT NULL,
  `exception` longtext NOT NULL,
  `failed_at` timestamp NOT NULL DEFAULT current_timestamp()
) ENGINE=InnoDB DEFAULT CHARSET=utf8mb4 COLLATE=utf8mb4_unicode_ci;

-- --------------------------------------------------------

--
-- Table structure for table `inventories`
--

CREATE TABLE `inventories` (
  `id` bigint(20) UNSIGNED NOT NULL,
  `product_id` varchar(255) NOT NULL,
  `color_id` varchar(255) DEFAULT NULL,
  `size_id` varchar(255) DEFAULT NULL,
  `quantity` varchar(255) NOT NULL,
  `created_at` timestamp NULL DEFAULT NULL,
  `updated_at` timestamp NULL DEFAULT NULL
) ENGINE=InnoDB DEFAULT CHARSET=utf8mb4 COLLATE=utf8mb4_unicode_ci;

--
-- Dumping data for table `inventories`
--

INSERT INTO `inventories` (`id`, `product_id`, `color_id`, `size_id`, `quantity`, `created_at`, `updated_at`) VALUES
(1, '19', '3', NULL, '20', '2023-02-15 03:42:16', NULL),
(2, '19', '4', NULL, '10', '2023-02-16 03:49:27', NULL),
(3, '18', '3', '13', '15', '2023-02-21 05:20:14', '2023-02-21 05:30:54'),
(4, '18', '2', NULL, '10', '2023-02-21 05:20:43', NULL),
(5, '5', '3', '15', '18', '2023-02-21 05:33:46', '2023-02-21 06:04:43'),
(6, '5', '2', '15', '10', '2023-02-21 05:34:03', NULL),
(7, '12', '3', '6', '12', '2023-02-21 05:34:25', NULL),
(8, '12', '3', '7', '10', '2023-02-21 05:34:46', NULL),
(9, '13', '4', '9', '10', '2023-02-21 05:35:08', NULL),
(10, '13', '3', '10', '12', '2023-02-21 05:35:32', NULL),
(11, '13', '3', '21', '15', '2023-02-21 05:41:03', NULL),
(12, '13', '8', '22', '8', '2023-02-21 05:41:29', NULL),
(13, '14', '3', '13', '15', '2023-02-21 05:44:09', NULL),
(14, '14', '10', '13', '20', '2023-02-21 05:44:25', NULL),
(15, '15', '4', '3', '10', '2023-02-21 05:44:53', NULL),
(16, '15', '8', '5', '15', '2023-02-21 05:45:08', NULL),
(17, '15', '7', '11', '5', '2023-02-21 05:45:21', NULL),
(18, '16', '4', '2', '5', '2023-02-21 05:45:48', NULL),
(19, '16', '3', '3', '10', '2023-02-21 05:45:59', NULL),
(20, '16', '3', '4', '12', '2023-02-21 05:46:10', NULL),
(21, '16', '9', '5', '15', '2023-02-21 05:46:30', NULL),
(22, '16', '7', '11', '8', '2023-02-21 05:46:55', NULL),
(23, '17', '10', '20', '20', '2023-02-21 05:48:29', NULL),
(24, '17', '4', '20', '10', '2023-02-21 05:49:03', NULL),
(27, '18', '2', '13', '15', '2023-02-21 06:03:20', '2023-02-21 06:03:36'),
(28, '5', '11', '15', '15', '2023-02-21 06:04:22', NULL);

-- --------------------------------------------------------

--
-- Table structure for table `migrations`
--

CREATE TABLE `migrations` (
  `id` int(10) UNSIGNED NOT NULL,
  `migration` varchar(255) NOT NULL,
  `batch` int(11) NOT NULL
) ENGINE=InnoDB DEFAULT CHARSET=utf8mb4 COLLATE=utf8mb4_unicode_ci;

--
-- Dumping data for table `migrations`
--

INSERT INTO `migrations` (`id`, `migration`, `batch`) VALUES
(1, '2014_10_12_000000_create_users_table', 1),
(2, '2014_10_12_100000_create_password_resets_table', 1),
(3, '2019_08_19_000000_create_failed_jobs_table', 1),
(4, '2019_12_14_000001_create_personal_access_tokens_table', 1),
(7, '2023_01_04_165241_create_categories_table', 2),
(11, '2023_01_09_174205_create_subcategories_table', 3),
(12, '2023_02_02_214125_create_products_table', 4),
(14, '2023_02_03_094045_create_product_galleries_table', 5),
(15, '2023_02_03_204409_create_brands_table', 6),
(16, '2023_02_11_103558_create_colors_table', 7),
(20, '2023_02_11_121546_create_sizes_table', 8),
(22, '2023_02_15_092201_create_inventories_table', 9);

-- --------------------------------------------------------

--
-- Table structure for table `password_resets`
--

CREATE TABLE `password_resets` (
  `email` varchar(255) NOT NULL,
  `token` varchar(255) NOT NULL,
  `created_at` timestamp NULL DEFAULT NULL
) ENGINE=InnoDB DEFAULT CHARSET=utf8mb4 COLLATE=utf8mb4_unicode_ci;

-- --------------------------------------------------------

--
-- Table structure for table `personal_access_tokens`
--

CREATE TABLE `personal_access_tokens` (
  `id` bigint(20) UNSIGNED NOT NULL,
  `tokenable_type` varchar(255) NOT NULL,
  `tokenable_id` bigint(20) UNSIGNED NOT NULL,
  `name` varchar(255) NOT NULL,
  `token` varchar(64) NOT NULL,
  `abilities` text DEFAULT NULL,
  `last_used_at` timestamp NULL DEFAULT NULL,
  `expires_at` timestamp NULL DEFAULT NULL,
  `created_at` timestamp NULL DEFAULT NULL,
  `updated_at` timestamp NULL DEFAULT NULL
) ENGINE=InnoDB DEFAULT CHARSET=utf8mb4 COLLATE=utf8mb4_unicode_ci;

-- --------------------------------------------------------

--
-- Table structure for table `products`
--

CREATE TABLE `products` (
  `id` bigint(20) UNSIGNED NOT NULL,
  `product_name` varchar(255) NOT NULL,
  `price` double(8,2) NOT NULL,
  `discount` double(8,2) DEFAULT NULL,
  `after_discount` double(8,2) NOT NULL,
  `category_id` int(11) NOT NULL,
  `subcategory_id` int(11) DEFAULT NULL,
  `brand` int(255) DEFAULT NULL,
  `short_desp` varchar(255) NOT NULL,
  `long_desp` longtext DEFAULT NULL,
  `additional_info` longtext DEFAULT NULL,
  `preview` varchar(255) DEFAULT NULL,
  `sku` varchar(255) NOT NULL,
  `slug` varchar(255) NOT NULL,
  `created_at` timestamp NULL DEFAULT NULL,
  `updated_at` timestamp NULL DEFAULT NULL
) ENGINE=InnoDB DEFAULT CHARSET=utf8mb4 COLLATE=utf8mb4_unicode_ci;

--
-- Dumping data for table `products`
--

INSERT INTO `products` (`id`, `product_name`, `price`, `discount`, `after_discount`, `category_id`, `subcategory_id`, `brand`, `short_desp`, `long_desp`, `additional_info`, `preview`, `sku`, `slug`, `created_at`, `updated_at`) VALUES
(5, 'apple iphone 14 pro max', 165000.00, 5.00, 156750.00, 1, 9, 2, 'apple iphone 14 pro max', '<div class=\"aps-group\" style=\"padding: 0px; margin: 0px 0px 20px; list-style: none; border: 1px solid rgb(232, 233, 234); outline: none; line-height: 1.5; float: left; width: 813px; position: relative; background-image: initial; background-position: initial; background-size: initial; background-repeat: initial; background-attachment: initial; background-origin: initial; background-clip: initial; border-radius: 5px; color: rgb(114, 115, 116); font-family: -apple-system, BlinkMacSystemFont, &quot;Segoe UI&quot;, Roboto, Oxygen, Oxygen-Sans, Ubuntu, Cantarell, &quot;Helvetica Neue&quot;, &quot;Open Sans&quot;, Arial, sans-serif; font-size: 13px;\"><h3 class=\"aps-group-title\" style=\"padding: 2px 10px; margin-bottom: 10px; list-style: none; border: 0px; outline: none; line-height: 1.5; font-size: 20px; color: rgb(255, 255, 255); font-family: Poppins; margin-right: 0px !important; margin-left: 0px !important; background: rgb(59, 89, 152) !important;\">Body<span class=\"alignright aps-icon-mobile\" style=\"padding: 0px; margin: 0px; list-style: none; border: 0px; outline: none; line-height: 1.5; float: right; color: rgb(134, 135, 136);\"></span></h3><div class=\"aps-specs-table\" style=\"padding: 0px; margin: 0px; list-style: none; border: 0px; outline: none; line-height: 1.5; float: left; width: 811.4px; position: relative; background: rgb(247, 248, 249);\"><div class=\"aps-specs-scroller\" style=\"padding: 0px; margin: 0px 0px 0px 160px; list-style: none; border: 0px; outline: none; line-height: 1.5; overflow-y: hidden;\"><ul class=\"aps-specs-list\" style=\"padding: 0px; margin-right: 0px; margin-bottom: 0px; margin-left: 0px; list-style: none; border: 0px; outline: none; line-height: 1.5; float: left; width: 651.4px;\"><li style=\"padding: 0px; margin: 0px; list-style: none; border: 0px; outline: none; line-height: 1.5; float: left; width: 651.4px; background: rgb(255, 255, 255);\"><div class=\"aps-attr-title\" style=\"padding: 0px; margin: 0px; list-style: none; border-width: 1px 1px 0px 0px; border-top-style: solid; border-right-style: solid; border-bottom-style: initial; border-left-style: initial; border-top-color: rgb(241, 242, 243); border-right-color: rgb(241, 242, 243); border-bottom-color: initial; border-left-color: initial; border-image: initial; outline: none; line-height: 1.5; width: 160px; background: rgb(247, 248, 249); position: absolute; left: 0px; top: auto; z-index: 81;\"><span class=\"aps-term\" style=\"padding: 7px 10px; margin: 0px; list-style: none; border: 0px; outline: none; font-weight: 600; line-height: 1.5; display: block;\">Dimensions (HxWxT)</span></div><div class=\"aps-attr-value\" style=\"padding: 0px; margin: 0px; list-style: none; border-width: 1px 0px 0px; border-top-style: solid; border-right-style: initial; border-bottom-style: initial; border-left-style: initial; border-top-color: rgb(241, 242, 243); border-right-color: initial; border-bottom-color: initial; border-left-color: initial; border-image: initial; outline: none; line-height: 20px; display: flex;\"><span class=\"aps-1co\" style=\"padding: 7px 10px; margin: 0px; list-style: none; border: none; outline: none; line-height: 1.5; float: left; min-height: 34px; display: inline-block; width: 651.4px;\">160.7 x 77.6 x 7.9 mm (6.33 x 3.06 x 0.31 in)</span></div></li><li style=\"padding: 0px; margin: 0px; list-style: none; border: 0px; outline: none; line-height: 1.5; float: left; width: 651.4px; background: rgb(255, 255, 255);\"><div class=\"aps-attr-title\" style=\"padding: 0px; margin: 0px; list-style: none; border-width: 1px 1px 0px 0px; border-top-style: solid; border-right-style: solid; border-bottom-style: initial; border-left-style: initial; border-top-color: rgb(241, 242, 243); border-right-color: rgb(241, 242, 243); border-bottom-color: initial; border-left-color: initial; border-image: initial; outline: none; line-height: 1.5; width: 160px; background: rgb(247, 248, 249); position: absolute; left: 0px; top: auto; z-index: 81;\"><span class=\"aps-term aps-tooltip\" style=\"padding: 7px 10px; margin: 0px; list-style: none; border: 0px; outline: none; font-weight: 600; line-height: 1.5; cursor: help; display: block;\">Build Material</span></div><div class=\"aps-attr-value\" style=\"padding: 0px; margin: 0px; list-style: none; border-width: 1px 0px 0px; border-top-style: solid; border-right-style: initial; border-bottom-style: initial; border-left-style: initial; border-top-color: rgb(241, 242, 243); border-right-color: initial; border-bottom-color: initial; border-left-color: initial; border-image: initial; outline: none; line-height: 20px; display: flex;\"><span class=\"aps-1co\" style=\"padding: 7px 10px; margin: 0px; list-style: none; border: none; outline: none; line-height: 1.5; float: left; min-height: 34px; display: inline-block; width: 651.4px;\">Glass Front (Gorilla Glass), Glass Back (Gorilla Glass), Stainless Steel Frame</span></div></li><li style=\"padding: 0px; margin: 0px; list-style: none; border: 0px; outline: none; line-height: 1.5; float: left; width: 651.4px; background: rgb(255, 255, 255);\"><div class=\"aps-attr-title\" style=\"padding: 0px; margin: 0px; list-style: none; border-width: 1px 1px 0px 0px; border-top-style: solid; border-right-style: solid; border-bottom-style: initial; border-left-style: initial; border-top-color: rgb(241, 242, 243); border-right-color: rgb(241, 242, 243); border-bottom-color: initial; border-left-color: initial; border-image: initial; outline: none; line-height: 1.5; width: 160px; background: rgb(247, 248, 249); position: absolute; left: 0px; top: auto; z-index: 81;\"><span class=\"aps-term\" style=\"padding: 7px 10px; margin: 0px; list-style: none; border: 0px; outline: none; font-weight: 600; line-height: 1.5; display: block;\">Color</span></div><div class=\"aps-attr-value\" style=\"padding: 0px; margin: 0px; list-style: none; border-width: 1px 0px 0px; border-top-style: solid; border-right-style: initial; border-bottom-style: initial; border-left-style: initial; border-top-color: rgb(241, 242, 243); border-right-color: initial; border-bottom-color: initial; border-left-color: initial; border-image: initial; outline: none; line-height: 20px; display: flex;\"><span class=\"aps-1co\" style=\"padding: 7px 10px; margin: 0px; list-style: none; border: none; outline: none; line-height: 1.5; float: left; min-height: 34px; display: inline-block; width: 651.4px;\">Space Black, Silver, Gold &amp; Deep Purple</span></div></li><li style=\"padding: 0px; margin: 0px; list-style: none; border: 0px; outline: none; line-height: 1.5; float: left; width: 651.4px; background: rgb(255, 255, 255);\"><div class=\"aps-attr-title\" style=\"padding: 0px; margin: 0px; list-style: none; border-width: 1px 1px 0px 0px; border-top-style: solid; border-right-style: solid; border-bottom-style: initial; border-left-style: initial; border-top-color: rgb(241, 242, 243); border-right-color: rgb(241, 242, 243); border-bottom-color: initial; border-left-color: initial; border-image: initial; outline: none; line-height: 1.5; width: 160px; background: rgb(247, 248, 249); position: absolute; left: 0px; top: auto; z-index: 81;\"><span class=\"aps-term\" style=\"padding: 7px 10px; margin: 0px; list-style: none; border: 0px; outline: none; font-weight: 600; line-height: 1.5; display: block;\">Weight</span></div><div class=\"aps-attr-value\" style=\"padding: 0px; margin: 0px; list-style: none; border-width: 1px 0px 0px; border-top-style: solid; border-right-style: initial; border-bottom-style: initial; border-left-style: initial; border-top-color: rgb(241, 242, 243); border-right-color: initial; border-bottom-color: initial; border-left-color: initial; border-image: initial; outline: none; line-height: 20px; display: flex;\"><span class=\"aps-1co\" style=\"padding: 7px 10px; margin: 0px; list-style: none; border: none; outline: none; line-height: 1.5; float: left; min-height: 34px; display: inline-block; width: 651.4px;\">240 g (8.47 oz)</span></div></li><li style=\"padding: 0px; margin: 0px; list-style: none; border: 0px; outline: none; line-height: 1.5; float: left; width: 651.4px; background: rgb(255, 255, 255);\"><div class=\"aps-attr-title\" style=\"padding: 0px; margin: 0px; list-style: none; border-width: 1px 1px 0px 0px; border-top-style: solid; border-right-style: solid; border-bottom-style: initial; border-left-style: initial; border-top-color: rgb(241, 242, 243); border-right-color: rgb(241, 242, 243); border-bottom-color: initial; border-left-color: initial; border-image: initial; outline: none; line-height: 1.5; width: 160px; background: rgb(247, 248, 249); position: absolute; left: 0px; top: auto; z-index: 81;\"><span class=\"aps-term\" style=\"padding: 7px 10px; margin: 0px; list-style: none; border: 0px; outline: none; font-weight: 600; line-height: 1.5; display: block;\">Model</span></div><div class=\"aps-attr-value\" style=\"padding: 0px; margin: 0px; list-style: none; border-width: 1px 0px 0px; border-top-style: solid; border-right-style: initial; border-bottom-style: initial; border-left-style: initial; border-top-color: rgb(241, 242, 243); border-right-color: initial; border-bottom-color: initial; border-left-color: initial; border-image: initial; outline: none; line-height: 20px; display: flex;\"><span class=\"aps-1co\" style=\"padding: 7px 10px; margin: 0px; list-style: none; border: none; outline: none; line-height: 1.5; float: left; min-height: 34px; display: inline-block; width: 651.4px;\">A2651 (USA), A2893 (Canada, Japan), A2894 (International), A2895 (Russia), A2896 (China, Hong Kong), iphone15,3</span></div></li></ul></div></div></div><div class=\"aps-group\" style=\"padding: 0px; margin: 0px 0px 20px; list-style: none; border: 1px solid rgb(232, 233, 234); outline: none; line-height: 1.5; float: left; width: 813px; position: relative; background-image: initial; background-position: initial; background-size: initial; background-repeat: initial; background-attachment: initial; background-origin: initial; background-clip: initial; border-radius: 5px; color: rgb(114, 115, 116); font-family: -apple-system, BlinkMacSystemFont, &quot;Segoe UI&quot;, Roboto, Oxygen, Oxygen-Sans, Ubuntu, Cantarell, &quot;Helvetica Neue&quot;, &quot;Open Sans&quot;, Arial, sans-serif; font-size: 13px;\"><h3 class=\"aps-group-title\" style=\"padding: 2px 10px; margin-bottom: 10px; list-style: none; border: 0px; outline: none; line-height: 1.5; font-size: 20px; color: rgb(255, 255, 255); font-family: Poppins; margin-right: 0px !important; margin-left: 0px !important; background: rgb(59, 89, 152) !important;\">Display<span class=\"alignright aps-icon-mobile\" style=\"padding: 0px; margin: 0px; list-style: none; border: 0px; outline: none; line-height: 1.5; float: right; color: rgb(134, 135, 136);\"></span></h3><div class=\"aps-specs-table\" style=\"padding: 0px; margin: 0px; list-style: none; border: 0px; outline: none; line-height: 1.5; float: left; width: 811.4px; position: relative; background: rgb(247, 248, 249);\"><div class=\"aps-specs-scroller\" style=\"padding: 0px; margin: 0px 0px 0px 160px; list-style: none; border: 0px; outline: none; line-height: 1.5; overflow-y: hidden;\"><ul class=\"aps-specs-list\" style=\"padding: 0px; margin-right: 0px; margin-bottom: 0px; margin-left: 0px; list-style: none; border: 0px; outline: none; line-height: 1.5; float: left; width: 651.4px;\"><li style=\"padding: 0px; margin: 0px; list-style: none; border: 0px; outline: none; line-height: 1.5; float: left; width: 651.4px; background: rgb(255, 255, 255);\"><div class=\"aps-attr-title\" style=\"padding: 0px; margin: 0px; list-style: none; border-width: 1px 1px 0px 0px; border-top-style: solid; border-right-style: solid; border-bottom-style: initial; border-left-style: initial; border-top-color: rgb(241, 242, 243); border-right-color: rgb(241, 242, 243); border-bottom-color: initial; border-left-color: initial; border-image: initial; outline: none; line-height: 1.5; width: 160px; background: rgb(247, 248, 249); position: absolute; left: 0px; top: auto; z-index: 81;\"><span class=\"aps-term\" style=\"padding: 7px 10px; margin: 0px; list-style: none; border: 0px; outline: none; font-weight: 600; line-height: 1.5; display: block;\">Size</span></div><div class=\"aps-attr-value\" style=\"padding: 0px; margin: 0px; list-style: none; border-width: 1px 0px 0px; border-top-style: solid; border-right-style: initial; border-bottom-style: initial; border-left-style: initial; border-top-color: rgb(241, 242, 243); border-right-color: initial; border-bottom-color: initial; border-left-color: initial; border-image: initial; outline: none; line-height: 20px; display: flex;\"><span class=\"aps-1co\" style=\"padding: 7px 10px; margin: 0px; list-style: none; border: none; outline: none; line-height: 1.5; float: left; min-height: 34px; display: inline-block; width: 651.4px;\">6.7 inches, 110.2 cm2</span></div></li><li style=\"padding: 0px; margin: 0px; list-style: none; border: 0px; outline: none; line-height: 1.5; float: left; width: 651.4px; background: rgb(255, 255, 255);\"><div class=\"aps-attr-title\" style=\"padding: 0px; margin: 0px; list-style: none; border-width: 1px 1px 0px 0px; border-top-style: solid; border-right-style: solid; border-bottom-style: initial; border-left-style: initial; border-top-color: rgb(241, 242, 243); border-right-color: rgb(241, 242, 243); border-bottom-color: initial; border-left-color: initial; border-image: initial; outline: none; line-height: 1.5; width: 160px; background: rgb(247, 248, 249); position: absolute; left: 0px; top: auto; z-index: 81;\"><span class=\"aps-term\" style=\"padding: 7px 10px; margin: 0px; list-style: none; border: 0px; outline: none; font-weight: 600; line-height: 1.5; display: block;\">Type</span></div><div class=\"aps-attr-value\" style=\"padding: 0px; margin: 0px; list-style: none; border-width: 1px 0px 0px; border-top-style: solid; border-right-style: initial; border-bottom-style: initial; border-left-style: initial; border-top-color: rgb(241, 242, 243); border-right-color: initial; border-bottom-color: initial; border-left-color: initial; border-image: initial; outline: none; line-height: 20px; display: flex;\"><span class=\"aps-1co\" style=\"padding: 7px 10px; margin: 0px; list-style: none; border: none; outline: none; line-height: 1.5; float: left; min-height: 34px; display: inline-block; width: 651.4px;\">LTPO Super Retina XDR OLED capacitive touchscreen, 16M colors</span></div></li><li style=\"padding: 0px; margin: 0px; list-style: none; border: 0px; outline: none; line-height: 1.5; float: left; width: 651.4px; background: rgb(255, 255, 255);\"><div class=\"aps-attr-title\" style=\"padding: 0px; margin: 0px; list-style: none; border-width: 1px 1px 0px 0px; border-top-style: solid; border-right-style: solid; border-bottom-style: initial; border-left-style: initial; border-top-color: rgb(241, 242, 243); border-right-color: rgb(241, 242, 243); border-bottom-color: initial; border-left-color: initial; border-image: initial; outline: none; line-height: 1.5; width: 160px; background: rgb(247, 248, 249); position: absolute; left: 0px; top: auto; z-index: 81;\"><span class=\"aps-term\" style=\"padding: 7px 10px; margin: 0px; list-style: none; border: 0px; outline: none; font-weight: 600; line-height: 1.5; display: block;\">Bezel-Less Display</span></div><div class=\"aps-attr-value\" style=\"padding: 0px; margin: 0px; list-style: none; border-width: 1px 0px 0px; border-top-style: solid; border-right-style: initial; border-bottom-style: initial; border-left-style: initial; border-top-color: rgb(241, 242, 243); border-right-color: initial; border-bottom-color: initial; border-left-color: initial; border-image: initial; outline: none; line-height: 20px; display: flex;\"><span class=\"aps-1co\" style=\"padding: 7px 10px; margin: 0px; list-style: none; border: none; outline: none; line-height: 1.5; float: left; min-height: 34px; display: inline-block; width: 651.4px;\">Punch Hole Display</span></div></li><li style=\"padding: 0px; margin: 0px; list-style: none; border: 0px; outline: none; line-height: 1.5; float: left; width: 651.4px; background: rgb(255, 255, 255);\"><div class=\"aps-attr-title\" style=\"padding: 0px; margin: 0px; list-style: none; border-width: 1px 1px 0px 0px; border-top-style: solid; border-right-style: solid; border-bottom-style: initial; border-left-style: initial; border-top-color: rgb(241, 242, 243); border-right-color: rgb(241, 242, 243); border-bottom-color: initial; border-left-color: initial; border-image: initial; outline: none; line-height: 1.5; width: 160px; background: rgb(247, 248, 249); position: absolute; left: 0px; top: auto; z-index: 81;\"><span class=\"aps-term\" style=\"padding: 7px 10px; margin: 0px; list-style: none; border: 0px; outline: none; font-weight: 600; line-height: 1.5; display: block;\">Resolution</span></div><div class=\"aps-attr-value\" style=\"padding: 0px; margin: 0px; list-style: none; border-width: 1px 0px 0px; border-top-style: solid; border-right-style: initial; border-bottom-style: initial; border-left-style: initial; border-top-color: rgb(241, 242, 243); border-right-color: initial; border-bottom-color: initial; border-left-color: initial; border-image: initial; outline: none; line-height: 20px; display: flex;\"><span class=\"aps-1co\" style=\"padding: 7px 10px; margin: 0px; list-style: none; border: none; outline: none; line-height: 1.5; float: left; min-height: 34px; display: inline-block; width: 651.4px;\">1290 x 2796 pixels</span></div></li><li style=\"padding: 0px; margin: 0px; list-style: none; border: 0px; outline: none; line-height: 1.5; float: left; width: 651.4px; background: rgb(255, 255, 255);\"><div class=\"aps-attr-title\" style=\"padding: 0px; margin: 0px; list-style: none; border-width: 1px 1px 0px 0px; border-top-style: solid; border-right-style: solid; border-bottom-style: initial; border-left-style: initial; border-top-color: rgb(241, 242, 243); border-right-color: rgb(241, 242, 243); border-bottom-color: initial; border-left-color: initial; border-image: initial; outline: none; line-height: 1.5; width: 160px; background: rgb(247, 248, 249); position: absolute; left: 0px; top: auto; z-index: 81;\"><span class=\"aps-term aps-tooltip\" style=\"padding: 7px 10px; margin: 0px; list-style: none; border: 0px; outline: none; font-weight: 600; line-height: 1.5; cursor: help; display: block;\">Pixel Density</span></div><div class=\"aps-attr-value\" style=\"padding: 0px; margin: 0px; list-style: none; border-width: 1px 0px 0px; border-top-style: solid; border-right-style: initial; border-bottom-style: initial; border-left-style: initial; border-top-color: rgb(241, 242, 243); border-right-color: initial; border-bottom-color: initial; border-left-color: initial; border-image: initial; outline: none; line-height: 20px; display: flex;\"><span class=\"aps-1co\" style=\"padding: 7px 10px; margin: 0px; list-style: none; border: none; outline: none; line-height: 1.5; float: left; min-height: 34px; display: inline-block; width: 651.4px;\">460 ppi density</span></div></li><li style=\"padding: 0px; margin: 0px; list-style: none; border: 0px; outline: none; line-height: 1.5; float: left; width: 651.4px; background: rgb(255, 255, 255);\"><div class=\"aps-attr-title\" style=\"padding: 0px; margin: 0px; list-style: none; border-width: 1px 1px 0px 0px; border-top-style: solid; border-right-style: solid; border-bottom-style: initial; border-left-style: initial; border-top-color: rgb(241, 242, 243); border-right-color: rgb(241, 242, 243); border-bottom-color: initial; border-left-color: initial; border-image: initial; outline: none; line-height: 1.5; width: 160px; background: rgb(247, 248, 249); position: absolute; left: 0px; top: auto; z-index: 81;\"><span class=\"aps-term aps-tooltip\" style=\"padding: 7px 10px; margin: 0px; list-style: none; border: 0px; outline: none; font-weight: 600; line-height: 1.5; cursor: help; display: block;\">Aspect Ratio</span></div><div class=\"aps-attr-value\" style=\"padding: 0px; margin: 0px; list-style: none; border-width: 1px 0px 0px; border-top-style: solid; border-right-style: initial; border-bottom-style: initial; border-left-style: initial; border-top-color: rgb(241, 242, 243); border-right-color: initial; border-bottom-color: initial; border-left-color: initial; border-image: initial; outline: none; line-height: 20px; display: flex;\"><span class=\"aps-1co\" style=\"padding: 7px 10px; margin: 0px; list-style: none; border: none; outline: none; line-height: 1.5; float: left; min-height: 34px; display: inline-block; width: 651.4px;\">19.5:9 ratio</span></div></li><li style=\"padding: 0px; margin: 0px; list-style: none; border: 0px; outline: none; line-height: 1.5; float: left; width: 651.4px; background: rgb(255, 255, 255);\"><div class=\"aps-attr-title\" style=\"padding: 0px; margin: 0px; list-style: none; border-width: 1px 1px 0px 0px; border-top-style: solid; border-right-style: solid; border-bottom-style: initial; border-left-style: initial; border-top-color: rgb(241, 242, 243); border-right-color: rgb(241, 242, 243); border-bottom-color: initial; border-left-color: initial; border-image: initial; outline: none; line-height: 1.5; width: 160px; background: rgb(247, 248, 249); position: absolute; left: 0px; top: auto; z-index: 81;\"><span class=\"aps-term\" style=\"padding: 7px 10px; margin: 0px; list-style: none; border: 0px; outline: none; font-weight: 600; line-height: 1.5; display: block;\">Multitouch</span></div><div class=\"aps-attr-value\" style=\"padding: 0px; margin: 0px; list-style: none; border-width: 1px 0px 0px; border-top-style: solid; border-right-style: initial; border-bottom-style: initial; border-left-style: initial; border-top-color: rgb(241, 242, 243); border-right-color: initial; border-bottom-color: initial; border-left-color: initial; border-image: initial; outline: none; line-height: 20px; display: flex;\"><span class=\"aps-1co\" style=\"padding: 7px 10px; margin: 0px; list-style: none; border: none; outline: none; line-height: 1.5; float: left; min-height: 34px; display: inline-block; width: 651.4px;\">Yes</span></div></li><li style=\"padding: 0px; margin: 0px; list-style: none; border: 0px; outline: none; line-height: 1.5; float: left; width: 651.4px; background: rgb(255, 255, 255);\"><div class=\"aps-attr-title\" style=\"padding: 0px; margin: 0px; list-style: none; border-width: 1px 1px 0px 0px; border-top-style: solid; border-right-style: solid; border-bottom-style: initial; border-left-style: initial; border-top-color: rgb(241, 242, 243); border-right-color: rgb(241, 242, 243); border-bottom-color: initial; border-left-color: initial; border-image: initial; outline: none; line-height: 1.5; width: 160px; background: rgb(247, 248, 249); position: absolute; left: 0px; top: auto; z-index: 81;\"><span class=\"aps-term aps-tooltip\" style=\"padding: 7px 10px; margin: 0px; list-style: none; border: 0px; outline: none; font-weight: 600; line-height: 1.5; cursor: help; display: block;\">Screen &amp; Body Ratio</span></div><div class=\"aps-attr-value\" style=\"padding: 0px; margin: 0px; list-style: none; border-width: 1px 0px 0px; border-top-style: solid; border-right-style: initial; border-bottom-style: initial; border-left-style: initial; border-top-color: rgb(241, 242, 243); border-right-color: initial; border-bottom-color: initial; border-left-color: initial; border-image: initial; outline: none; line-height: 20px; display: flex;\"><span class=\"aps-1co\" style=\"padding: 7px 10px; margin: 0px; list-style: none; border: none; outline: none; line-height: 1.5; float: left; min-height: 34px; display: inline-block; width: 651.4px;\">88.3% screen &amp; body ratio</span></div></li><li style=\"padding: 0px; margin: 0px; list-style: none; border: 0px; outline: none; line-height: 1.5; float: left; width: 651.4px; background: rgb(255, 255, 255);\"><div class=\"aps-attr-title\" style=\"padding: 0px; margin: 0px; list-style: none; border-width: 1px 1px 0px 0px; border-top-style: solid; border-right-style: solid; border-bottom-style: initial; border-left-style: initial; border-top-color: rgb(241, 242, 243); border-right-color: rgb(241, 242, 243); border-bottom-color: initial; border-left-color: initial; border-image: initial; outline: none; line-height: 1.5; width: 160px; background: rgb(247, 248, 249); position: absolute; left: 0px; top: auto; z-index: 81;\"><span class=\"aps-term\" style=\"padding: 7px 10px; margin: 0px; list-style: none; border: 0px; outline: none; font-weight: 600; line-height: 1.5; display: block;\">Protection</span></div><div class=\"aps-attr-value\" style=\"padding: 0px; margin: 0px; list-style: none; border-width: 1px 0px 0px; border-top-style: solid; border-right-style: initial; border-bottom-style: initial; border-left-style: initial; border-top-color: rgb(241, 242, 243); border-right-color: initial; border-bottom-color: initial; border-left-color: initial; border-image: initial; outline: none; line-height: 20px; display: flex;\"><span class=\"aps-1co\" style=\"padding: 7px 10px; margin: 0px; list-style: none; border: none; outline: none; line-height: 1.5; float: left; min-height: 34px; display: inline-block; width: 651.4px;\">Scratch-resistant ceramic glass, oleophobic coating</span></div></li><li style=\"padding: 0px; margin: 0px; list-style: none; border: 0px; outline: none; line-height: 1.5; float: left; width: 651.4px; background: rgb(255, 255, 255);\"><div class=\"aps-attr-title\" style=\"padding: 0px; margin: 0px; list-style: none; border-width: 1px 1px 0px 0px; border-top-style: solid; border-right-style: solid; border-bottom-style: initial; border-left-style: initial; border-top-color: rgb(241, 242, 243); border-right-color: rgb(241, 242, 243); border-bottom-color: initial; border-left-color: initial; border-image: initial; outline: none; line-height: 1.5; width: 160px; background: rgb(247, 248, 249); position: absolute; left: 0px; top: auto; z-index: 81;\"><span class=\"aps-term\" style=\"padding: 7px 10px; margin: 0px; list-style: none; border: 0px; outline: none; font-weight: 600; line-height: 1.5; display: block;\">More</span></div><div class=\"aps-attr-value\" style=\"padding: 0px; margin: 0px; list-style: none; border-width: 1px 0px 0px; border-top-style: solid; border-right-style: initial; border-bottom-style: initial; border-left-style: initial; border-top-color: rgb(241, 242, 243); border-right-color: initial; border-bottom-color: initial; border-left-color: initial; border-image: initial; outline: none; line-height: 20px; display: flex;\"><span class=\"aps-1co\" style=\"padding: 7px 10px; margin: 0px; list-style: none; border: none; outline: none; line-height: 1.5; float: left; min-height: 34px; display: inline-block; width: 651.4px;\">- HDR10<br style=\"padding: 0px; margin: 0px; list-style: none; border: 0px; outline: none; line-height: 1.5;\">- Dolby Vision<br style=\"padding: 0px; margin: 0px; list-style: none; border: 0px; outline: none; line-height: 1.5;\">- 120Hz Refresh rate<br style=\"padding: 0px; margin: 0px; list-style: none; border: 0px; outline: none; line-height: 1.5;\">- 1000 nits (typ) brightness<br style=\"padding: 0px; margin: 0px; list-style: none; border: 0px; outline: none; line-height: 1.5;\">- 2000 nits (HBM) brightness<br style=\"padding: 0px; margin: 0px; list-style: none; border: 0px; outline: none; line-height: 1.5;\">- Always-On display<br style=\"padding: 0px; margin: 0px; list-style: none; border: 0px; outline: none; line-height: 1.5;\">- Wide color gamut<br style=\"padding: 0px; margin: 0px; list-style: none; border: 0px; outline: none; line-height: 1.5;\">- True-tone</span></div></li></ul></div></div></div><div class=\"aps-group\" style=\"padding: 0px; margin: 0px 0px 20px; list-style: none; border: 1px solid rgb(232, 233, 234); outline: none; line-height: 1.5; float: left; width: 813px; position: relative; background-image: initial; background-position: initial; background-size: initial; background-repeat: initial; background-attachment: initial; background-origin: initial; background-clip: initial; border-radius: 5px; color: rgb(114, 115, 116); font-family: -apple-system, BlinkMacSystemFont, &quot;Segoe UI&quot;, Roboto, Oxygen, Oxygen-Sans, Ubuntu, Cantarell, &quot;Helvetica Neue&quot;, &quot;Open Sans&quot;, Arial, sans-serif; font-size: 13px;\"><h3 class=\"aps-group-title\" style=\"padding: 2px 10px; margin-bottom: 10px; list-style: none; border: 0px; outline: none; line-height: 1.5; font-size: 20px; color: rgb(255, 255, 255); font-family: Poppins; margin-right: 0px !important; margin-left: 0px !important; background: rgb(59, 89, 152) !important;\">Network<span class=\"alignright aps-icon-signal-1\" style=\"padding: 0px; margin: 0px; list-style: none; border: 0px; outline: none; line-height: 1.5; float: right; color: rgb(134, 135, 136);\"></span></h3><div class=\"aps-specs-table\" style=\"padding: 0px; margin: 0px; list-style: none; border: 0px; outline: none; line-height: 1.5; float: left; width: 811.4px; position: relative; background: rgb(247, 248, 249);\"><div class=\"aps-specs-scroller\" style=\"padding: 0px; margin: 0px 0px 0px 160px; list-style: none; border: 0px; outline: none; line-height: 1.5; overflow-y: hidden;\"><ul class=\"aps-specs-list\" style=\"padding: 0px; margin-right: 0px; margin-bottom: 0px; margin-left: 0px; list-style: none; border: 0px; outline: none; line-height: 1.5; float: left; width: 651.4px;\"><li style=\"padding: 0px; margin: 0px; list-style: none; border: 0px; outline: none; line-height: 1.5; float: left; width: 651.4px; background: rgb(255, 255, 255);\"><div class=\"aps-attr-title\" style=\"padding: 0px; margin: 0px; list-style: none; border-width: 1px 1px 0px 0px; border-top-style: solid; border-right-style: solid; border-bottom-style: initial; border-left-style: initial; border-top-color: rgb(241, 242, 243); border-right-color: rgb(241, 242, 243); border-bottom-color: initial; border-left-color: initial; border-image: initial; outline: none; line-height: 1.5; width: 160px; background: rgb(247, 248, 249); position: absolute; left: 0px; top: auto; z-index: 81;\"><span class=\"aps-term\" style=\"padding: 7px 10px; margin: 0px; list-style: none; border: 0px; outline: none; font-weight: 600; line-height: 1.5; display: block;\">GPRS</span></div><div class=\"aps-attr-value\" style=\"padding: 0px; margin: 0px; list-style: none; border-width: 1px 0px 0px; border-top-style: solid; border-right-style: initial; border-bottom-style: initial; border-left-style: initial; border-top-color: rgb(241, 242, 243); border-right-color: initial; border-bottom-color: initial; border-left-color: initial; border-image: initial; outline: none; line-height: 20px; display: flex;\"><span class=\"aps-1co\" style=\"padding: 7px 10px; margin: 0px; list-style: none; border: none; outline: none; line-height: 1.5; float: left; min-height: 34px; display: inline-block; width: 651.4px;\"><i class=\"aps-icon-check\" style=\"padding: 2px 3px; margin: 0px; list-style: none; border: 0px; outline: none; line-height: 1; color: rgb(255, 255, 255); font-size: 15px; display: inline-block; border-radius: 50%; background: rgb(138, 198, 60);\"></i></span></div></li><li style=\"padding: 0px; margin: 0px; list-style: none; border: 0px; outline: none; line-height: 1.5; float: left; width: 651.4px; background: rgb(255, 255, 255);\"><div class=\"aps-attr-title\" style=\"padding: 0px; margin: 0px; list-style: none; border-width: 1px 1px 0px 0px; border-top-style: solid; border-right-style: solid; border-bottom-style: initial; border-left-style: initial; border-top-color: rgb(241, 242, 243); border-right-color: rgb(241, 242, 243); border-bottom-color: initial; border-left-color: initial; border-image: initial; outline: none; line-height: 1.5; width: 160px; background: rgb(247, 248, 249); position: absolute; left: 0px; top: auto; z-index: 81;\"><span class=\"aps-term\" style=\"padding: 7px 10px; margin: 0px; list-style: none; border: 0px; outline: none; font-weight: 600; line-height: 1.5; display: block;\">EDGE</span></div><div class=\"aps-attr-value\" style=\"padding: 0px; margin: 0px; list-style: none; border-width: 1px 0px 0px; border-top-style: solid; border-right-style: initial; border-bottom-style: initial; border-left-style: initial; border-top-color: rgb(241, 242, 243); border-right-color: initial; border-bottom-color: initial; border-left-color: initial; border-image: initial; outline: none; line-height: 20px; display: flex;\"><span class=\"aps-1co\" style=\"padding: 7px 10px; margin: 0px; list-style: none; border: none; outline: none; line-height: 1.5; float: left; min-height: 34px; display: inline-block; width: 651.4px;\"><i class=\"aps-icon-check\" style=\"padding: 2px 3px; margin: 0px; list-style: none; border: 0px; outline: none; line-height: 1; color: rgb(255, 255, 255); font-size: 15px; display: inline-block; border-radius: 50%; background: rgb(138, 198, 60);\"></i></span></div></li><li style=\"padding: 0px; margin: 0px; list-style: none; border: 0px; outline: none; line-height: 1.5; float: left; width: 651.4px; background: rgb(255, 255, 255);\"><div class=\"aps-attr-title\" style=\"padding: 0px; margin: 0px; list-style: none; border-width: 1px 1px 0px 0px; border-top-style: solid; border-right-style: solid; border-bottom-style: initial; border-left-style: initial; border-top-color: rgb(241, 242, 243); border-right-color: rgb(241, 242, 243); border-bottom-color: initial; border-left-color: initial; border-image: initial; outline: none; line-height: 1.5; width: 160px; background: rgb(247, 248, 249); position: absolute; left: 0px; top: auto; z-index: 81;\"><span class=\"aps-term\" style=\"padding: 7px 10px; margin: 0px; list-style: none; border: 0px; outline: none; font-weight: 600; line-height: 1.5; display: block;\">SIM</span></div><div class=\"aps-attr-value\" style=\"padding: 0px; margin: 0px; list-style: none; border-width: 1px 0px 0px; border-top-style: solid; border-right-style: initial; border-bottom-style: initial; border-left-style: initial; border-top-color: rgb(241, 242, 243); border-right-color: initial; border-bottom-color: initial; border-left-color: initial; border-image: initial; outline: none; line-height: 20px; display: flex;\"><span class=\"aps-1co\" style=\"padding: 7px 10px; margin: 0px; list-style: none; border: none; outline: none; line-height: 1.5; float: left; min-height: 34px; display: inline-block; width: 651.4px;\">Dual SIM (Nano-SIM and eSIM) or Dual eSIM - International<br style=\"padding: 0px; margin: 0px; list-style: none; border: 0px; outline: none; line-height: 1.5;\"><br style=\"padding: 0px; margin: 0px; list-style: none; border: 0px; outline: none; line-height: 1.5;\">Dual eSIM with multiple numbers - USA<br style=\"padding: 0px; margin: 0px; list-style: none; border: 0px; outline: none; line-height: 1.5;\"><br style=\"padding: 0px; margin: 0px; list-style: none; border: 0px; outline: none; line-height: 1.5;\">Dual SIM (Nano-SIM, dual stand-by) - China</span></div></li><li style=\"padding: 0px; margin: 0px; list-style: none; border: 0px; outline: none; line-height: 1.5; float: left; width: 651.4px; background: rgb(255, 255, 255);\"><div class=\"aps-attr-title\" style=\"padding: 0px; margin: 0px; list-style: none; border-width: 1px 1px 0px 0px; border-top-style: solid; border-right-style: solid; border-bottom-style: initial; border-left-style: initial; border-top-color: rgb(241, 242, 243); border-right-color: rgb(241, 242, 243); border-bottom-color: initial; border-left-color: initial; border-image: initial; outline: none; line-height: 1.5; width: 160px; background: rgb(247, 248, 249); position: absolute; left: 0px; top: auto; z-index: 81;\"><span class=\"aps-term\" style=\"padding: 7px 10px; margin: 0px; list-style: none; border: 0px; outline: none; font-weight: 600; line-height: 1.5; display: block;\">Technology</span></div><div class=\"aps-attr-value\" style=\"padding: 0px; margin: 0px; list-style: none; border-width: 1px 0px 0px; border-top-style: solid; border-right-style: initial; border-bottom-style: initial; border-left-style: initial; border-top-color: rgb(241, 242, 243); border-right-color: initial; border-bottom-color: initial; border-left-color: initial; border-image: initial; outline: none; line-height: 20px; display: flex;\"><span class=\"aps-1co\" style=\"padding: 7px 10px; margin: 0px; list-style: none; border: none; outline: none; line-height: 1.5; float: left; min-height: 34px; display: inline-block; width: 651.4px;\">GSM / CDMA / HSPA / EVDO / LTE / 5G</span></div></li><li style=\"padding: 0px; margin: 0px; list-style: none; border: 0px; outline: none; line-height: 1.5; float: left; width: 651.4px; background: rgb(255, 255, 255);\"><div class=\"aps-attr-title\" style=\"padding: 0px; margin: 0px; list-style: none; border-width: 1px 1px 0px 0px; border-top-style: solid; border-right-style: solid; border-bottom-style: initial; border-left-style: initial; border-top-color: rgb(241, 242, 243); border-right-color: rgb(241, 242, 243); border-bottom-color: initial; border-left-color: initial; border-image: initial; outline: none; line-height: 1.5; width: 160px; background: rgb(247, 248, 249); position: absolute; left: 0px; top: auto; z-index: 81;\"><span class=\"aps-term aps-tooltip\" style=\"padding: 7px 10px; margin: 0px; list-style: none; border: 0px; outline: none; font-weight: 600; line-height: 1.5; cursor: help; display: block;\">2G Network</span></div><div class=\"aps-attr-value\" style=\"padding: 0px; margin: 0px; list-style: none; border-width: 1px 0px 0px; border-top-style: solid; border-right-style: initial; border-bottom-style: initial; border-left-style: initial; border-top-color: rgb(241, 242, 243); border-right-color: initial; border-bottom-color: initial; border-left-color: initial; border-image: initial; outline: none; line-height: 20px; display: flex;\"><span class=\"aps-1co\" style=\"padding: 7px 10px; margin: 0px; list-style: none; border: none; outline: none; line-height: 1.5; float: left; min-height: 34px; display: inline-block; width: 651.4px;\">GSM 850 / 900 / 1800 / 1900 - SIM 1 &amp; SIM 2 (dual-SIM)<br style=\"padding: 0px; margin: 0px; list-style: none; border: 0px; outline: none; line-height: 1.5;\"><br style=\"padding: 0px; margin: 0px; list-style: none; border: 0px; outline: none; line-height: 1.5;\">CDMA 800 / 1900</span></div></li><li style=\"padding: 0px; margin: 0px; list-style: none; border: 0px; outline: none; line-height: 1.5; float: left; width: 651.4px; background: rgb(255, 255, 255);\"><div class=\"aps-attr-title\" style=\"padding: 0px; margin: 0px; list-style: none; border-width: 1px 1px 0px 0px; border-top-style: solid; border-right-style: solid; border-bottom-style: initial; border-left-style: initial; border-top-color: rgb(241, 242, 243); border-right-color: rgb(241, 242, 243); border-bottom-color: initial; border-left-color: initial; border-image: initial; outline: none; line-height: 1.5; width: 160px; background: rgb(247, 248, 249); position: absolute; left: 0px; top: auto; z-index: 81;\"><span class=\"aps-term\" style=\"padding: 7px 10px; margin: 0px; list-style: none; border: 0px; outline: none; font-weight: 600; line-height: 1.5; display: block;\">3G Network</span></div><div class=\"aps-attr-value\" style=\"padding: 0px; margin: 0px; list-style: none; border-width: 1px 0px 0px; border-top-style: solid; border-right-style: initial; border-bottom-style: initial; border-left-style: initial; border-top-color: rgb(241, 242, 243); border-right-color: initial; border-bottom-color: initial; border-left-color: initial; border-image: initial; outline: none; line-height: 20px; display: flex;\"><span class=\"aps-1co\" style=\"padding: 7px 10px; margin: 0px; list-style: none; border: none; outline: none; line-height: 1.5; float: left; min-height: 34px; display: inline-block; width: 651.4px;\">HSDPA 850 / 900 / 1700(AWS) / 1900 / 2100<br style=\"padding: 0px; margin: 0px; list-style: none; border: 0px; outline: none; line-height: 1.5;\"><br style=\"padding: 0px; margin: 0px; list-style: none; border: 0px; outline: none; line-height: 1.5;\">CDMA2000 1xEV-DO</span></div></li><li style=\"padding: 0px; margin: 0px; list-style: none; border: 0px; outline: none; line-height: 1.5; float: left; width: 651.4px; background: rgb(255, 255, 255);\"><div class=\"aps-attr-title\" style=\"padding: 0px; margin: 0px; list-style: none; border-width: 1px 1px 0px 0px; border-top-style: solid; border-right-style: solid; border-bottom-style: initial; border-left-style: initial; border-top-color: rgb(241, 242, 243); border-right-color: rgb(241, 242, 243); border-bottom-color: initial; border-left-color: initial; border-image: initial; outline: none; line-height: 1.5; width: 160px; background: rgb(247, 248, 249); position: absolute; left: 0px; top: auto; z-index: 81;\"><span class=\"aps-term\" style=\"padding: 7px 10px; margin: 0px; list-style: none; border: 0px; outline: none; font-weight: 600; line-height: 1.5; display: block;\">4G Network</span></div><div class=\"aps-attr-value\" style=\"padding: 0px; margin: 0px; list-style: none; border-width: 1px 0px 0px; border-top-style: solid; border-right-style: initial; border-bottom-style: initial; border-left-style: initial; border-top-color: rgb(241, 242, 243); border-right-color: initial; border-bottom-color: initial; border-left-color: initial; border-image: initial; outline: none; line-height: 20px; display: flex;\"><span class=\"aps-1co\" style=\"padding: 7px 10px; margin: 0px; list-style: none; border: none; outline: none; line-height: 1.5; float: left; min-height: 34px; display: inline-block; width: 651.4px;\">1, 2, 3, 4, 5, 7, 8, 12, 13, 17, 18, 19, 20, 25, 26, 28, 30, 32, 34, 38, 39, 40, 41, 42, 46, 48, 66 - A2894, A2896<br style=\"padding: 0px; margin: 0px; list-style: none; border: 0px; outline: none; line-height: 1.5;\"><br style=\"padding: 0px; margin: 0px; list-style: none; border: 0px; outline: none; line-height: 1.5;\">1, 2, 3, 4, 5, 7, 8, 11, 12, 13, 14, 17, 18, 19, 20, 21, 25, 26, 28, 29, 30, 32, 34, 38, 39, 40, 41, 42, 46, 48, 53, 66, 71 - A2651, A2893<br style=\"padding: 0px; margin: 0px; list-style: none; border: 0px; outline: none; line-height: 1.5;\"><br style=\"padding: 0px; margin: 0px; list-style: none; border: 0px; outline: none; line-height: 1.5;\">1, 2, 3, 4, 5, 7, 8, 12, 13, 17, 18, 19, 20, 25, 26, 28, 30, 32, 34, 38, 39, 40, 41, 42, 46, 48, 66 - A2895</span></div></li><li style=\"padding: 0px; margin: 0px; list-style: none; border: 0px; outline: none; line-height: 1.5; float: left; width: 651.4px; background: rgb(255, 255, 255);\"><div class=\"aps-attr-title\" style=\"padding: 0px; margin: 0px; list-style: none; border-width: 1px 1px 0px 0px; border-top-style: solid; border-right-style: solid; border-bottom-style: initial; border-left-style: initial; border-top-color: rgb(241, 242, 243); border-right-color: rgb(241, 242, 243); border-bottom-color: initial; border-left-color: initial; border-image: initial; outline: none; line-height: 1.5; width: 160px; background: rgb(247, 248, 249); position: absolute; left: 0px; top: auto; z-index: 81;\"><span class=\"aps-term\" style=\"padding: 7px 10px; margin: 0px; list-style: none; border: 0px; outline: none; font-weight: 600; line-height: 1.5; display: block;\">5G Network</span></div><div class=\"aps-attr-value\" style=\"padding: 0px; margin: 0px; list-style: none; border-width: 1px 0px 0px; border-top-style: solid; border-right-style: initial; border-bottom-style: initial; border-left-style: initial; border-top-color: rgb(241, 242, 243); border-right-color: initial; border-bottom-color: initial; border-left-color: initial; border-image: initial; outline: none; line-height: 20px; display: flex;\"><span class=\"aps-1co\" style=\"padding: 7px 10px; margin: 0px; list-style: none; border: none; outline: none; line-height: 1.5; float: left; min-height: 34px; display: inline-block; width: 651.4px;\">1, 2, 3, 5, 7, 8, 12, 20, 25, 26, 28, 30, 38, 40, 41, 48, 66, 70, 77, 78, 79 SA/NSA/Sub6 - A2894, A2896<br style=\"padding: 0px; margin: 0px; list-style: none; border: 0px; outline: none; line-height: 1.5;\"><br style=\"padding: 0px; margin: 0px; list-style: none; border: 0px; outline: none; line-height: 1.5;\">1, 2, 3, 5, 7, 8, 12, 14, 20, 25, 26, 28, 29, 30, 38, 40, 41, 48, 53, 66, 70, 71, 77, 78, 79, 258, 260, 261 SA/NSA/Sub6/mmWave - A2651<br style=\"padding: 0px; margin: 0px; list-style: none; border: 0px; outline: none; line-height: 1.5;\"><br style=\"padding: 0px; margin: 0px; list-style: none; border: 0px; outline: none; line-height: 1.5;\">1, 2, 3, 5, 7, 8, 12, 14, 20, 25, 26, 28, 29, 30, 38, 40, 41, 48, 53, 66, 70, 71, 77, 78, 79 SA/NSA/Sub6 - A2893<br style=\"padding: 0px; margin: 0px; list-style: none; border: 0px; outline: none; line-height: 1.5;\"><br style=\"padding: 0px; margin: 0px; list-style: none; border: 0px; outline: none; line-height: 1.5;\">1, 2, 3, 5, 7, 8, 12, 20, 25, 26, 28, 30, 38, 40, 41, 48, 66, 70, 77, 78, 79 SA/NSA/Sub6 - A2895</span></div></li><li style=\"padding: 0px; margin: 0px; list-style: none; border: 0px; outline: none; line-height: 1.5; float: left; width: 651.4px; background: rgb(255, 255, 255);\"><div class=\"aps-attr-title\" style=\"padding: 0px; margin: 0px; list-style: none; border-width: 1px 1px 0px 0px; border-top-style: solid; border-right-style: solid; border-bottom-style: initial; border-left-style: initial; border-top-color: rgb(241, 242, 243); border-right-color: rgb(241, 242, 243); border-bottom-color: initial; border-left-color: initial; border-image: initial; outline: none; line-height: 1.5; width: 160px; background: rgb(247, 248, 249); position: absolute; left: 0px; top: auto; z-index: 81;\"><span class=\"aps-term\" style=\"padding: 7px 10px; margin: 0px; list-style: none; border: 0px; outline: none; font-weight: 600; line-height: 1.5; display: block;\">Speed</span></div><div class=\"aps-attr-value\" style=\"padding: 0px; margin: 0px; list-style: none; border-width: 1px 0px 0px; border-top-style: solid; border-right-style: initial; border-bottom-style: initial; border-left-style: initial; border-top-color: rgb(241, 242, 243); border-right-color: initial; border-bottom-color: initial; border-left-color: initial; border-image: initial; outline: none; line-height: 20px; display: flex;\"><span class=\"aps-1co\" style=\"padding: 7px 10px; margin: 0px; list-style: none; border: none; outline: none; line-height: 1.5; float: left; min-height: 34px; display: inline-block; width: 651.4px;\">HSPA 42.2/5.76 Mbps, LTE-A, 5G, EV-DO Rev.A 3.1 Mbps</span></div></li></ul></div></div></div><div class=\"aps-group\" style=\"padding: 0px; margin: 0px 0px 20px; list-style: none; border: 1px solid rgb(232, 233, 234); outline: none; line-height: 1.5; float: left; width: 813px; position: relative; background-image: initial; background-position: initial; background-size: initial; background-repeat: initial; background-attachment: initial; background-origin: initial; background-clip: initial; border-radius: 5px; color: rgb(114, 115, 116); font-family: -apple-system, BlinkMacSystemFont, &quot;Segoe UI&quot;, Roboto, Oxygen, Oxygen-Sans, Ubuntu, Cantarell, &quot;Helvetica Neue&quot;, &quot;Open Sans&quot;, Arial, sans-serif; font-size: 13px;\"><h3 class=\"aps-group-title\" style=\"padding: 2px 10px; margin-bottom: 10px; list-style: none; border: 0px; outline: none; line-height: 1.5; font-size: 20px; color: rgb(255, 255, 255); font-family: Poppins; margin-right: 0px !important; margin-left: 0px !important; background: rgb(59, 89, 152) !important;\">Performance<span class=\"alignright aps-icon-cpu\" style=\"padding: 0px; margin: 0px; list-style: none; border: 0px; outline: none; line-height: 1.5; float: right; color: rgb(134, 135, 136);\"></span></h3><div class=\"aps-specs-table\" style=\"padding: 0px; margin: 0px; list-style: none; border: 0px; outline: none; line-height: 1.5; float: left; width: 811.4px; position: relative; background: rgb(247, 248, 249);\"><div class=\"aps-specs-scroller\" style=\"padding: 0px; margin: 0px 0px 0px 160px; list-style: none; border: 0px; outline: none; line-height: 1.5; overflow-y: hidden;\"><ul class=\"aps-specs-list\" style=\"padding: 0px; margin-right: 0px; margin-bottom: 0px; margin-left: 0px; list-style: none; border: 0px; outline: none; line-height: 1.5; float: left; width: 651.4px;\"><li style=\"padding: 0px; margin: 0px; list-style: none; border: 0px; outline: none; line-height: 1.5; float: left; width: 651.4px; background: rgb(255, 255, 255);\"><div class=\"aps-attr-title\" style=\"padding: 0px; margin: 0px; list-style: none; border-width: 1px 1px 0px 0px; border-top-style: solid; border-right-style: solid; border-bottom-style: initial; border-left-style: initial; border-top-color: rgb(241, 242, 243); border-right-color: rgb(241, 242, 243); border-bottom-color: initial; border-left-color: initial; border-image: initial; outline: none; line-height: 1.5; width: 160px; background: rgb(247, 248, 249); position: absolute; left: 0px; top: auto; z-index: 81;\"><span class=\"aps-term aps-tooltip\" style=\"padding: 7px 10px; margin: 0px; list-style: none; border: 0px; outline: none; font-weight: 600; line-height: 1.5; cursor: help; display: block;\">OS</span></div><div class=\"aps-attr-value\" style=\"padding: 0px; margin: 0px; list-style: none; border-width: 1px 0px 0px; border-top-style: solid; border-right-style: initial; border-bottom-style: initial; border-left-style: initial; border-top-color: rgb(241, 242, 243); border-right-color: initial; border-bottom-color: initial; border-left-color: initial; border-image: initial; outline: none; line-height: 20px; display: flex;\"><span class=\"aps-1co\" style=\"padding: 7px 10px; margin: 0px; list-style: none; border: none; outline: none; line-height: 1.5; float: left; min-height: 34px; display: inline-block; width: 651.4px;\">iOS 16</span></div></li><li style=\"padding: 0px; margin: 0px; list-style: none; border: 0px; outline: none; line-height: 1.5; float: left; width: 651.4px; background: rgb(255, 255, 255);\"><div class=\"aps-attr-title\" style=\"padding: 0px; margin: 0px; list-style: none; border-width: 1px 1px 0px 0px; border-top-style: solid; border-right-style: solid; border-bottom-style: initial; border-left-style: initial; border-top-color: rgb(241, 242, 243); border-right-color: rgb(241, 242, 243); border-bottom-color: initial; border-left-color: initial; border-image: initial; outline: none; line-height: 1.5; width: 160px; background: rgb(247, 248, 249); position: absolute; left: 0px; top: auto; z-index: 81;\"><span class=\"aps-term\" style=\"padding: 7px 10px; margin: 0px; list-style: none; border: 0px; outline: none; font-weight: 600; line-height: 1.5; display: block;\">Chipset</span></div><div class=\"aps-attr-value\" style=\"padding: 0px; margin: 0px; list-style: none; border-width: 1px 0px 0px; border-top-style: solid; border-right-style: initial; border-bottom-style: initial; border-left-style: initial; border-top-color: rgb(241, 242, 243); border-right-color: initial; border-bottom-color: initial; border-left-color: initial; border-image: initial; outline: none; line-height: 20px; display: flex;\"><span class=\"aps-1co\" style=\"padding: 7px 10px; margin: 0px; list-style: none; border: none; outline: none; line-height: 1.5; float: left; min-height: 34px; display: inline-block; width: 651.4px;\">Apple A16 Bionic (4 nm)</span></div></li><li style=\"padding: 0px; margin: 0px; list-style: none; border: 0px; outline: none; line-height: 1.5; float: left; width: 651.4px; background: rgb(255, 255, 255);\"><div class=\"aps-attr-title\" style=\"padding: 0px; margin: 0px; list-style: none; border-width: 1px 1px 0px 0px; border-top-style: solid; border-right-style: solid; border-bottom-style: initial; border-left-style: initial; border-top-color: rgb(241, 242, 243); border-right-color: rgb(241, 242, 243); border-bottom-color: initial; border-left-color: initial; border-image: initial; outline: none; line-height: 1.5; width: 160px; background: rgb(247, 248, 249); position: absolute; left: 0px; top: auto; z-index: 81;\"><span class=\"aps-term\" style=\"padding: 7px 10px; margin: 0px; list-style: none; border: 0px; outline: none; font-weight: 600; line-height: 1.5; display: block;\">CPU</span></div><div class=\"aps-attr-value\" style=\"padding: 0px; margin: 0px; list-style: none; border-width: 1px 0px 0px; border-top-style: solid; border-right-style: initial; border-bottom-style: initial; border-left-style: initial; border-top-color: rgb(241, 242, 243); border-right-color: initial; border-bottom-color: initial; border-left-color: initial; border-image: initial; outline: none; line-height: 20px; display: flex;\"><span class=\"aps-1co\" style=\"padding: 7px 10px; margin: 0px; list-style: none; border: none; outline: none; line-height: 1.5; float: left; min-height: 34px; display: inline-block; width: 651.4px;\">Hexa-core (2x3.46 GHz Avalanche + 4x Blizzard)</span></div></li><li style=\"padding: 0px; margin: 0px; list-style: none; border: 0px; outline: none; line-height: 1.5; float: left; width: 651.4px; background: rgb(255, 255, 255);\"><div class=\"aps-attr-title\" style=\"padding: 0px; margin: 0px; list-style: none; border-width: 1px 1px 0px 0px; border-top-style: solid; border-right-style: solid; border-bottom-style: initial; border-left-style: initial; border-top-color: rgb(241, 242, 243); border-right-color: rgb(241, 242, 243); border-bottom-color: initial; border-left-color: initial; border-image: initial; outline: none; line-height: 1.5; width: 160px; background: rgb(247, 248, 249); position: absolute; left: 0px; top: auto; z-index: 81;\"><span class=\"aps-term\" style=\"padding: 7px 10px; margin: 0px; list-style: none; border: 0px; outline: none; font-weight: 600; line-height: 1.5; display: block;\">GPU</span></div><div class=\"aps-attr-value\" style=\"padding: 0px; margin: 0px; list-style: none; border-width: 1px 0px 0px; border-top-style: solid; border-right-style: initial; border-bottom-style: initial; border-left-style: initial; border-top-color: rgb(241, 242, 243); border-right-color: initial; border-bottom-color: initial; border-left-color: initial; border-image: initial; outline: none; line-height: 20px; display: flex;\"><span class=\"aps-1co\" style=\"padding: 7px 10px; margin: 0px; list-style: none; border: none; outline: none; line-height: 1.5; float: left; min-height: 34px; display: inline-block; width: 651.4px;\">Apple GPU (5-core graphics)</span></div></li></ul></div></div></div><div class=\"aps-group\" style=\"padding: 0px; margin: 0px 0px 20px; list-style: none; border: 1px solid rgb(232, 233, 234); outline: none; line-height: 1.5; float: left; width: 813px; position: relative; background-image: initial; background-position: initial; background-size: initial; background-repeat: initial; background-attachment: initial; background-origin: initial; background-clip: initial; border-radius: 5px; color: rgb(114, 115, 116); font-family: -apple-system, BlinkMacSystemFont, &quot;Segoe UI&quot;, Roboto, Oxygen, Oxygen-Sans, Ubuntu, Cantarell, &quot;Helvetica Neue&quot;, &quot;Open Sans&quot;, Arial, sans-serif; font-size: 13px;\"><h3 class=\"aps-group-title\" style=\"padding: 2px 10px; margin-bottom: 10px; list-style: none; border: 0px; outline: none; line-height: 1.5; font-size: 20px; color: rgb(255, 255, 255); font-family: Poppins; margin-right: 0px !important; margin-left: 0px !important; background: rgb(59, 89, 152) !important;\">Memory<span class=\"alignright aps-icon-sd-card\" style=\"padding: 0px; margin: 0px; list-style: none; border: 0px; outline: none; line-height: 1.5; float: right; color: rgb(134, 135, 136);\"></span></h3><div class=\"aps-specs-table\" style=\"padding: 0px; margin: 0px; list-style: none; border: 0px; outline: none; line-height: 1.5; float: left; width: 811.4px; position: relative; background: rgb(247, 248, 249);\"><div class=\"aps-specs-scroller\" style=\"padding: 0px; margin: 0px 0px 0px 160px; list-style: none; border: 0px; outline: none; line-height: 1.5; overflow-y: hidden;\"><ul class=\"aps-specs-list\" style=\"padding: 0px; margin-right: 0px; margin-bottom: 0px; margin-left: 0px; list-style: none; border: 0px; outline: none; line-height: 1.5; float: left; width: 651.4px;\"><li style=\"padding: 0px; margin: 0px; list-style: none; border: 0px; outline: none; line-height: 1.5; float: left; width: 651.4px; background: rgb(255, 255, 255);\"><div class=\"aps-attr-title\" style=\"padding: 0px; margin: 0px; list-style: none; border-width: 1px 1px 0px 0px; border-top-style: solid; border-right-style: solid; border-bottom-style: initial; border-left-style: initial; border-top-color: rgb(241, 242, 243); border-right-color: rgb(241, 242, 243); border-bottom-color: initial; border-left-color: initial; border-image: initial; outline: none; line-height: 1.5; width: 160px; background: rgb(247, 248, 249); position: absolute; left: 0px; top: auto; z-index: 81;\"><span class=\"aps-term\" style=\"padding: 7px 10px; margin: 0px; list-style: none; border: 0px; outline: none; font-weight: 600; line-height: 1.5; display: block;\">RAM</span></div><div class=\"aps-attr-value\" style=\"padding: 0px; margin: 0px; list-style: none; border-width: 1px 0px 0px; border-top-style: solid; border-right-style: initial; border-bottom-style: initial; border-left-style: initial; border-top-color: rgb(241, 242, 243); border-right-color: initial; border-bottom-color: initial; border-left-color: initial; border-image: initial; outline: none; line-height: 20px; display: flex;\"><span class=\"aps-1co\" style=\"padding: 7px 10px; margin: 0px; list-style: none; border: none; outline: none; line-height: 1.5; float: left; min-height: 34px; display: inline-block; width: 651.4px;\">6GB</span></div></li><li style=\"padding: 0px; margin: 0px; list-style: none; border: 0px; outline: none; line-height: 1.5; float: left; width: 651.4px; background: rgb(255, 255, 255);\"><div class=\"aps-attr-title\" style=\"padding: 0px; margin: 0px; list-style: none; border-width: 1px 1px 0px 0px; border-top-style: solid; border-right-style: solid; border-bottom-style: initial; border-left-style: initial; border-top-color: rgb(241, 242, 243); border-right-color: rgb(241, 242, 243); border-bottom-color: initial; border-left-color: initial; border-image: initial; outline: none; line-height: 1.5; width: 160px; background: rgb(247, 248, 249); position: absolute; left: 0px; top: auto; z-index: 81;\"><span class=\"aps-term\" style=\"padding: 7px 10px; margin: 0px; list-style: none; border: 0px; outline: none; font-weight: 600; line-height: 1.5; display: block;\">ROM / Internal</span></div><div class=\"aps-attr-value\" style=\"padding: 0px; margin: 0px; list-style: none; border-width: 1px 0px 0px; border-top-style: solid; border-right-style: initial; border-bottom-style: initial; border-left-style: initial; border-top-color: rgb(241, 242, 243); border-right-color: initial; border-bottom-color: initial; border-left-color: initial; border-image: initial; outline: none; line-height: 20px; display: flex;\"><span class=\"aps-1co\" style=\"padding: 7px 10px; margin: 0px; list-style: none; border: none; outline: none; line-height: 1.5; float: left; min-height: 34px; display: inline-block; width: 651.4px;\">128GB/256GB/512GB/1TB</span></div></li><li style=\"padding: 0px; margin: 0px; list-style: none; border: 0px; outline: none; line-height: 1.5; float: left; width: 651.4px; background: rgb(255, 255, 255);\"><div class=\"aps-attr-title\" style=\"padding: 0px; margin: 0px; list-style: none; border-width: 1px 1px 0px 0px; border-top-style: solid; border-right-style: solid; border-bottom-style: initial; border-left-style: initial; border-top-color: rgb(241, 242, 243); border-right-color: rgb(241, 242, 243); border-bottom-color: initial; border-left-color: initial; border-image: initial; outline: none; line-height: 1.5; width: 160px; background: rgb(247, 248, 249); position: absolute; left: 0px; top: auto; z-index: 81;\"><span class=\"aps-term\" style=\"padding: 7px 10px; margin: 0px; list-style: none; border: 0px; outline: none; font-weight: 600; line-height: 1.5; display: block;\">Variant</span></div><div class=\"aps-attr-value\" style=\"padding: 0px; margin: 0px; list-style: none; border-width: 1px 0px 0px; border-top-style: solid; border-right-style: initial; border-bottom-style: initial; border-left-style: initial; border-top-color: rgb(241, 242, 243); border-right-color: initial; border-bottom-color: initial; border-left-color: initial; border-image: initial; outline: none; line-height: 20px; display: flex;\"><span class=\"aps-1co\" style=\"padding: 7px 10px; margin: 0px; list-style: none; border: none; outline: none; line-height: 1.5; float: left; min-height: 34px; display: inline-block; width: 651.4px;\">6GB/128GB, 6GB/256GB, 6GB/512GB &amp; 6GB/1TB<br style=\"padding: 0px; margin: 0px; list-style: none; border: 0px; outline: none; line-height: 1.5;\">- NVMe</span></div></li><li style=\"padding: 0px; margin: 0px; list-style: none; border: 0px; outline: none; line-height: 1.5; float: left; width: 651.4px; background: rgb(255, 255, 255);\"><div class=\"aps-attr-title\" style=\"padding: 0px; margin: 0px; list-style: none; border-width: 1px 1px 0px 0px; border-top-style: solid; border-right-style: solid; border-bottom-style: initial; border-left-style: initial; border-top-color: rgb(241, 242, 243); border-right-color: rgb(241, 242, 243); border-bottom-color: initial; border-left-color: initial; border-image: initial; outline: none; line-height: 1.5; width: 160px; background: rgb(247, 248, 249); position: absolute; left: 0px; top: auto; z-index: 81;\"><span class=\"aps-term\" style=\"padding: 7px 10px; margin: 0px; list-style: none; border: 0px; outline: none; font-weight: 600; line-height: 1.5; display: block;\">External Card slot</span></div><div class=\"aps-attr-value\" style=\"padding: 0px; margin: 0px; list-style: none; border-width: 1px 0px 0px; border-top-style: solid; border-right-style: initial; border-bottom-style: initial; border-left-style: initial; border-top-color: rgb(241, 242, 243); border-right-color: initial; border-bottom-color: initial; border-left-color: initial; border-image: initial; outline: none; line-height: 20px; display: flex;\"><span class=\"aps-1co\" style=\"padding: 7px 10px; margin: 0px; list-style: none; border: none; outline: none; line-height: 1.5; float: left; min-height: 34px; display: inline-block; width: 651.4px;\">No</span></div></li></ul></div></div></div><div class=\"aps-group\" style=\"padding: 0px; margin: 0px 0px 20px; list-style: none; border: 1px solid rgb(232, 233, 234); outline: none; line-height: 1.5; float: left; width: 813px; position: relative; background-image: initial; background-position: initial; background-size: initial; background-repeat: initial; background-attachment: initial; background-origin: initial; background-clip: initial; border-radius: 5px; color: rgb(114, 115, 116); font-family: -apple-system, BlinkMacSystemFont, &quot;Segoe UI&quot;, Roboto, Oxygen, Oxygen-Sans, Ubuntu, Cantarell, &quot;Helvetica Neue&quot;, &quot;Open Sans&quot;, Arial, sans-serif; font-size: 13px;\"><h3 class=\"aps-group-title\" style=\"padding: 2px 10px; margin-bottom: 10px; list-style: none; border: 0px; outline: none; line-height: 1.5; font-size: 20px; color: rgb(255, 255, 255); font-family: Poppins; margin-right: 0px !important; margin-left: 0px !important; background: rgb(59, 89, 152) !important;\">Primary Camera<span class=\"alignright aps-icon-camera\" style=\"padding: 0px; margin: 0px; list-style: none; border: 0px; outline: none; line-height: 1.5; float: right; color: rgb(134, 135, 136);\"></span></h3><div class=\"aps-specs-table\" style=\"padding: 0px; margin: 0px; list-style: none; border: 0px; outline: none; line-height: 1.5; float: left; width: 811.4px; position: relative; background: rgb(247, 248, 249);\"><div class=\"aps-specs-scroller\" style=\"padding: 0px; margin: 0px 0px 0px 160px; list-style: none; border: 0px; outline: none; line-height: 1.5; overflow-y: hidden;\"><ul class=\"aps-specs-list\" style=\"padding: 0px; margin-right: 0px; margin-bottom: 0px; margin-left: 0px; list-style: none; border: 0px; outline: none; line-height: 1.5; float: left; width: 651.4px;\"><li style=\"padding: 0px; margin: 0px; list-style: none; border: 0px; outline: none; line-height: 1.5; float: left; width: 651.4px; background: rgb(255, 255, 255);\"><div class=\"aps-attr-title\" style=\"padding: 0px; margin: 0px; list-style: none; border-width: 1px 1px 0px 0px; border-top-style: solid; border-right-style: solid; border-bottom-style: initial; border-left-style: initial; border-top-color: rgb(241, 242, 243); border-right-color: rgb(241, 242, 243); border-bottom-color: initial; border-left-color: initial; border-image: initial; outline: none; line-height: 1.5; width: 160px; background: rgb(247, 248, 249); position: absolute; left: 0px; top: auto; z-index: 81;\"><span class=\"aps-term aps-tooltip\" style=\"padding: 7px 10px; margin: 0px; list-style: none; border: 0px; outline: none; font-weight: 600; line-height: 1.5; cursor: help; display: block;\">Camera</span></div><div class=\"aps-attr-value\" style=\"padding: 0px; margin: 0px; list-style: none; border-width: 1px 0px 0px; border-top-style: solid; border-right-style: initial; border-bottom-style: initial; border-left-style: initial; border-top-color: rgb(241, 242, 243); border-right-color: initial; border-bottom-color: initial; border-left-color: initial; border-image: initial; outline: none; line-height: 20px; display: flex;\"><span class=\"aps-1co\" style=\"padding: 7px 10px; margin: 0px; list-style: none; border: none; outline: none; line-height: 1.5; float: left; min-height: 34px; display: inline-block; width: 651.4px;\">48 MP, f/1.8, 24mm (wide), 1.22m, dual pixel PDAF, sensor-shift OIS<br style=\"padding: 0px; margin: 0px; list-style: none; border: 0px; outline: none; line-height: 1.5;\"><br style=\"padding: 0px; margin: 0px; list-style: none; border: 0px; outline: none; line-height: 1.5;\">12 MP, f/2.8, 77mm (telephoto), PDAF, OIS, 3x optical zoom<br style=\"padding: 0px; margin: 0px; list-style: none; border: 0px; outline: none; line-height: 1.5;\"><br style=\"padding: 0px; margin: 0px; list-style: none; border: 0px; outline: none; line-height: 1.5;\">12 MP, f/2.2, 13mm, 120 (ultrawide), 1.4m, dual pixel PDAF<br style=\"padding: 0px; margin: 0px; list-style: none; border: 0px; outline: none; line-height: 1.5;\"><br style=\"padding: 0px; margin: 0px; list-style: none; border: 0px; outline: none; line-height: 1.5;\">TOF 3D LiDAR scanner (depth)</span></div></li><li style=\"padding: 0px; margin: 0px; list-style: none; border: 0px; outline: none; line-height: 1.5; float: left; width: 651.4px; background: rgb(255, 255, 255);\"><div class=\"aps-attr-title\" style=\"padding: 0px; margin: 0px; list-style: none; border-width: 1px 1px 0px 0px; border-top-style: solid; border-right-style: solid; border-bottom-style: initial; border-left-style: initial; border-top-color: rgb(241, 242, 243); border-right-color: rgb(241, 242, 243); border-bottom-color: initial; border-left-color: initial; border-image: initial; outline: none; line-height: 1.5; width: 160px; background: rgb(247, 248, 249); position: absolute; left: 0px; top: auto; z-index: 81;\"><span class=\"aps-term aps-tooltip\" style=\"padding: 7px 10px; margin: 0px; list-style: none; border: 0px; outline: none; font-weight: 600; line-height: 1.5; cursor: help; display: block;\">Resolution &amp; Sensor</span></div><div class=\"aps-attr-value\" style=\"padding: 0px; margin: 0px; list-style: none; border-width: 1px 0px 0px; border-top-style: solid; border-right-style: initial; border-bottom-style: initial; border-left-style: initial; border-top-color: rgb(241, 242, 243); border-right-color: initial; border-bottom-color: initial; border-left-color: initial; border-image: initial; outline: none; line-height: 20px; display: flex;\"><span class=\"aps-1co\" style=\"padding: 7px 10px; margin: 0px; list-style: none; border: none; outline: none; line-height: 1.5; float: left; min-height: 34px; display: inline-block; width: 651.4px;\">8000 x 6000 Pixels</span></div></li><li style=\"padding: 0px; margin: 0px; list-style: none; border: 0px; outline: none; line-height: 1.5; float: left; width: 651.4px; background: rgb(255, 255, 255);\"><div class=\"aps-attr-title\" style=\"padding: 0px; margin: 0px; list-style: none; border-width: 1px 1px 0px 0px; border-top-style: solid; border-right-style: solid; border-bottom-style: initial; border-left-style: initial; border-top-color: rgb(241, 242, 243); border-right-color: rgb(241, 242, 243); border-bottom-color: initial; border-left-color: initial; border-image: initial; outline: none; line-height: 1.5; width: 160px; background: rgb(247, 248, 249); position: absolute; left: 0px; top: auto; z-index: 81;\"><span class=\"aps-term\" style=\"padding: 7px 10px; margin: 0px; list-style: none; border: 0px; outline: none; font-weight: 600; line-height: 1.5; display: block;\">Features</span></div><div class=\"aps-attr-value\" style=\"padding: 0px; margin: 0px; list-style: none; border-width: 1px 0px 0px; border-top-style: solid; border-right-style: initial; border-bottom-style: initial; border-left-style: initial; border-top-color: rgb(241, 242, 243); border-right-color: initial; border-bottom-color: initial; border-left-color: initial; border-image: initial; outline: none; line-height: 20px; display: flex;\"><span class=\"aps-1co\" style=\"padding: 7px 10px; margin: 0px; list-style: none; border: none; outline: none; line-height: 1.5; float: left; min-height: 34px; display: inline-block; width: 651.4px;\">Dual-LED dual-tone flash, panorama, 2x optical zoom out, Digital zoom up to 5x, Portrait mode with advanced bokeh and Depth Control, Portrait Lighting with six effects (Natural, Studio, Contour, Stage, Stage Mono, HighKey Mono), Optical image stabilization (Wide), Fiveelement lens (Ultra Wide); sevenelement lens (Wide), Brighter True Tone flash with Slow Sync, Panorama (up to 63MP), Sapphire crystal lens cover, 100% Focus Pixels (Wide), Night mode (Ultra Wide, Wide), Deep Fusion (Ultra Wide, Wide), Smart HDR 3 with Scene Detection, Wide color capture for photos and Live Photos, Lens correction (Ultra Wide), Advanced redeye correction, Auto image stabilization, Burst mode, Photo geotagging, Image formats captured: HEIF and JPEG</span></div></li><li style=\"padding: 0px; margin: 0px; list-style: none; border: 0px; outline: none; line-height: 1.5; float: left; width: 651.4px; background: rgb(255, 255, 255);\"><div class=\"aps-attr-title\" style=\"padding: 0px; margin: 0px; list-style: none; border-width: 1px 1px 0px 0px; border-top-style: solid; border-right-style: solid; border-bottom-style: initial; border-left-style: initial; border-top-color: rgb(241, 242, 243); border-right-color: rgb(241, 242, 243); border-bottom-color: initial; border-left-color: initial; border-image: initial; outline: none; line-height: 1.5; width: 160px; background: rgb(247, 248, 249); position: absolute; left: 0px; top: auto; z-index: 81;\"><span class=\"aps-term\" style=\"padding: 7px 10px; margin: 0px; list-style: none; border: 0px; outline: none; font-weight: 600; line-height: 1.5; display: block;\">Video</span></div><div class=\"aps-attr-value\" style=\"padding: 0px; margin: 0px; list-style: none; border-width: 1px 0px 0px; border-top-style: solid; border-right-style: initial; border-bottom-style: initial; border-left-style: initial; border-top-color: rgb(241, 242, 243); border-right-color: initial; border-bottom-color: initial; border-left-color: initial; border-image: initial; outline: none; line-height: 20px; display: flex;\"><span class=\"aps-1co\" style=\"padding: 7px 10px; margin: 0px; list-style: none; border: none; outline: none; line-height: 1.5; float: left; min-height: 34px; display: inline-block; width: 651.4px;\">4K@24/25/30/60fps, 1080p@25/30/60/120/240fps, 10-bit HDR, Dolby Vision HDR (up to 60fps), ProRes, Cinematic mode (4K@30fps), stereo sound rec.</span></div></li></ul></div></div></div><div class=\"aps-group\" style=\"padding: 0px; margin: 0px 0px 20px; list-style: none; border: 1px solid rgb(232, 233, 234); outline: none; line-height: 1.5; float: left; width: 813px; position: relative; background-image: initial; background-position: initial; background-size: initial; background-repeat: initial; background-attachment: initial; background-origin: initial; background-clip: initial; border-radius: 5px; color: rgb(114, 115, 116); font-family: -apple-system, BlinkMacSystemFont, &quot;Segoe UI&quot;, Roboto, Oxygen, Oxygen-Sans, Ubuntu, Cantarell, &quot;Helvetica Neue&quot;, &quot;Open Sans&quot;, Arial, sans-serif; font-size: 13px;\"><h3 class=\"aps-group-title\" style=\"padding: 2px 10px; margin-bottom: 10px; list-style: none; border: 0px; outline: none; line-height: 1.5; font-size: 20px; color: rgb(255, 255, 255); font-family: Poppins; margin-right: 0px !important; margin-left: 0px !important; background: rgb(59, 89, 152) !important;\">Selfie Camera<span class=\"alignright aps-icon-camera\" style=\"padding: 0px; margin: 0px; list-style: none; border: 0px; outline: none; line-height: 1.5; float: right; color: rgb(134, 135, 136);\"></span></h3><div class=\"aps-specs-table\" style=\"padding: 0px; margin: 0px; list-style: none; border: 0px; outline: none; line-height: 1.5; float: left; width: 811.4px; position: relative; background: rgb(247, 248, 249);\"><div class=\"aps-specs-scroller\" style=\"padding: 0px; margin: 0px 0px 0px 160px; list-style: none; border: 0px; outline: none; line-height: 1.5; overflow-y: hidden;\"><ul class=\"aps-specs-list\" style=\"padding: 0px; margin-right: 0px; margin-bottom: 0px; margin-left: 0px; list-style: none; border: 0px; outline: none; line-height: 1.5; float: left; width: 651.4px;\"><li style=\"padding: 0px; margin: 0px; list-style: none; border: 0px; outline: none; line-height: 1.5; float: left; width: 651.4px; background: rgb(255, 255, 255);\"><div class=\"aps-attr-title\" style=\"padding: 0px; margin: 0px; list-style: none; border-width: 1px 1px 0px 0px; border-top-style: solid; border-right-style: solid; border-bottom-style: initial; border-left-style: initial; border-top-color: rgb(241, 242, 243); border-right-color: rgb(241, 242, 243); border-bottom-color: initial; border-left-color: initial; border-image: initial; outline: none; line-height: 1.5; width: 160px; background: rgb(247, 248, 249); position: absolute; left: 0px; top: auto; z-index: 81;\"><span class=\"aps-term aps-tooltip\" style=\"padding: 7px 10px; margin: 0px; list-style: none; border: 0px; outline: none; font-weight: 600; line-height: 1.5; cursor: help; display: block;\">Camera</span></div><div class=\"aps-attr-value\" style=\"padding: 0px; margin: 0px; list-style: none; border-width: 1px 0px 0px; border-top-style: solid; border-right-style: initial; border-bottom-style: initial; border-left-style: initial; border-top-color: rgb(241, 242, 243); border-right-color: initial; border-bottom-color: initial; border-left-color: initial; border-image: initial; outline: none; line-height: 20px; display: flex;\"><span class=\"aps-1co\" style=\"padding: 7px 10px; margin: 0px; list-style: none; border: none; outline: none; line-height: 1.5; float: left; min-height: 34px; display: inline-block; width: 651.4px;\">12 MP, f/1.9, 23mm (wide), 1/3.6\", PDAF<br style=\"padding: 0px; margin: 0px; list-style: none; border: 0px; outline: none; line-height: 1.5;\"><br style=\"padding: 0px; margin: 0px; list-style: none; border: 0px; outline: none; line-height: 1.5;\">SL 3D, (depth/biometrics sensor)</span></div></li><li style=\"padding: 0px; margin: 0px; list-style: none; border: 0px; outline: none; line-height: 1.5; float: left; width: 651.4px; background: rgb(255, 255, 255);\"><div class=\"aps-attr-title\" style=\"padding: 0px; margin: 0px; list-style: none; border-width: 1px 1px 0px 0px; border-top-style: solid; border-right-style: solid; border-bottom-style: initial; border-left-style: initial; border-top-color: rgb(241, 242, 243); border-right-color: rgb(241, 242, 243); border-bottom-color: initial; border-left-color: initial; border-image: initial; outline: none; line-height: 1.5; width: 160px; background: rgb(247, 248, 249); position: absolute; left: 0px; top: auto; z-index: 81;\"><span class=\"aps-term aps-tooltip\" style=\"padding: 7px 10px; margin: 0px; list-style: none; border: 0px; outline: none; font-weight: 600; line-height: 1.5; cursor: help; display: block;\">Resolution &amp; Sensor</span></div><div class=\"aps-attr-value\" style=\"padding: 0px; margin: 0px; list-style: none; border-width: 1px 0px 0px; border-top-style: solid; border-right-style: initial; border-bottom-style: initial; border-left-style: initial; border-top-color: rgb(241, 242, 243); border-right-color: initial; border-bottom-color: initial; border-left-color: initial; border-image: initial; outline: none; line-height: 20px; display: flex;\"><span class=\"aps-1co\" style=\"padding: 7px 10px; margin: 0px; list-style: none; border: none; outline: none; line-height: 1.5; float: left; min-height: 34px; display: inline-block; width: 651.4px;\">4000 x 3000 Pixels</span></div></li><li style=\"padding: 0px; margin: 0px; list-style: none; border: 0px; outline: none; line-height: 1.5; float: left; width: 651.4px; background: rgb(255, 255, 255);\"><div class=\"aps-attr-title\" style=\"padding: 0px; margin: 0px; list-style: none; border-width: 1px 1px 0px 0px; border-top-style: solid; border-right-style: solid; border-bottom-style: initial; border-left-style: initial; border-top-color: rgb(241, 242, 243); border-right-color: rgb(241, 242, 243); border-bottom-color: initial; border-left-color: initial; border-image: initial; outline: none; line-height: 1.5; width: 160px; background: rgb(247, 248, 249); position: absolute; left: 0px; top: auto; z-index: 81;\"><span class=\"aps-term\" style=\"padding: 7px 10px; margin: 0px; list-style: none; border: 0px; outline: none; font-weight: 600; line-height: 1.5; display: block;\">Features</span></div><div class=\"aps-attr-value\" style=\"padding: 0px; margin: 0px; list-style: none; border-width: 1px 0px 0px; border-top-style: solid; border-right-style: initial; border-bottom-style: initial; border-left-style: initial; border-top-color: rgb(241, 242, 243); border-right-color: initial; border-bottom-color: initial; border-left-color: initial; border-image: initial; outline: none; line-height: 20px; display: flex;\"><span class=\"aps-1co\" style=\"padding: 7px 10px; margin: 0px; list-style: none; border: none; outline: none; line-height: 1.5; float: left; min-height: 34px; display: inline-block; width: 651.4px;\">Portrait mode with advanced bokeh and Depth Control, Portrait Lighting with six effects (Natural, Studio, Contour, Stage, Stage Mono, HighKey Mono), Animoji and Memoji, Night mode, Deep Fusion, Smart HDR 3 with Scene Detection, Timelapse video with stabilization, Night mode Timelapse, Extended dynamic range for video up to 30 fps, Cinematic video stabilization (4K, 1080p, and 720p), QuickTake video, Wide color capture for photos and Live Photos, Lens correction, Retina Flash, Auto image stabilization, Burst mode</span></div></li><li style=\"padding: 0px; margin: 0px; list-style: none; border: 0px; outline: none; line-height: 1.5; float: left; width: 651.4px; background: rgb(255, 255, 255);\"><div class=\"aps-attr-title\" style=\"padding: 0px; margin: 0px; list-style: none; border-width: 1px 1px 0px 0px; border-top-style: solid; border-right-style: solid; border-bottom-style: initial; border-left-style: initial; border-top-color: rgb(241, 242, 243); border-right-color: rgb(241, 242, 243); border-bottom-color: initial; border-left-color: initial; border-image: initial; outline: none; line-height: 1.5; width: 160px; background: rgb(247, 248, 249); position: absolute; left: 0px; top: auto; z-index: 81;\"><span class=\"aps-term\" style=\"padding: 7px 10px; margin: 0px; list-style: none; border: 0px; outline: none; font-weight: 600; line-height: 1.5; display: block;\">Video</span></div><div class=\"aps-attr-value\" style=\"padding: 0px; margin: 0px; list-style: none; border-width: 1px 0px 0px; border-top-style: solid; border-right-style: initial; border-bottom-style: initial; border-left-style: initial; border-top-color: rgb(241, 242, 243); border-right-color: initial; border-bottom-color: initial; border-left-color: initial; border-image: initial; outline: none; line-height: 20px; display: flex;\"><span class=\"aps-1co\" style=\"padding: 7px 10px; margin: 0px; list-style: none; border: none; outline: none; line-height: 1.5; float: left; min-height: 34px; display: inline-block; width: 651.4px;\">4K@24/25/30/60fps, 1080p@25/30/60/120fps, gyro-EIS</span></div></li></ul></div></div></div><div class=\"aps-group\" style=\"padding: 0px; margin: 0px 0px 20px; list-style: none; border: 1px solid rgb(232, 233, 234); outline: none; line-height: 1.5; float: left; width: 813px; position: relative; background-image: initial; background-position: initial; background-size: initial; background-repeat: initial; background-attachment: initial; background-origin: initial; background-clip: initial; border-radius: 5px; color: rgb(114, 115, 116); font-family: -apple-system, BlinkMacSystemFont, &quot;Segoe UI&quot;, Roboto, Oxygen, Oxygen-Sans, Ubuntu, Cantarell, &quot;Helvetica Neue&quot;, &quot;Open Sans&quot;, Arial, sans-serif; font-size: 13px;\"><h3 class=\"aps-group-title\" style=\"padding: 2px 10px; margin-bottom: 10px; list-style: none; border: 0px; outline: none; line-height: 1.5; font-size: 20px; color: rgb(255, 255, 255); font-family: Poppins; margin-right: 0px !important; margin-left: 0px !important; background: rgb(59, 89, 152) !important;\">Connectivity<span class=\"alignright aps-icon-wifi\" style=\"padding: 0px; margin: 0px; list-style: none; border: 0px; outline: none; line-height: 1.5; float: right; color: rgb(134, 135, 136);\"></span></h3><div class=\"aps-specs-table\" style=\"padding: 0px; margin: 0px; list-style: none; border: 0px; outline: none; line-height: 1.5; float: left; width: 811.4px; position: relative; background: rgb(247, 248, 249);\"><div class=\"aps-specs-scroller\" style=\"padding: 0px; margin: 0px 0px 0px 160px; list-style: none; border: 0px; outline: none; line-height: 1.5; overflow-y: hidden;\"><ul class=\"aps-specs-list\" style=\"padding: 0px; margin-right: 0px; margin-bottom: 0px; margin-left: 0px; list-style: none; border: 0px; outline: none; line-height: 1.5; float: left; width: 651.4px;\"><li style=\"padding: 0px; margin: 0px; list-style: none; border: 0px; outline: none; line-height: 1.5; float: left; width: 651.4px; background: rgb(255, 255, 255);\"><div class=\"aps-attr-title\" style=\"padding: 0px; margin: 0px; list-style: none; border-width: 1px 1px 0px 0px; border-top-style: solid; border-right-style: solid; border-bottom-style: initial; border-left-style: initial; border-top-color: rgb(241, 242, 243); border-right-color: rgb(241, 242, 243); border-bottom-color: initial; border-left-color: initial; border-image: initial; outline: none; line-height: 1.5; width: 160px; background: rgb(247, 248, 249); position: absolute; left: 0px; top: auto; z-index: 81;\"><span class=\"aps-term\" style=\"padding: 7px 10px; margin: 0px; list-style: none; border: 0px; outline: none; font-weight: 600; line-height: 1.5; display: block;\">Wi-Fi</span></div><div class=\"aps-attr-value\" style=\"padding: 0px; margin: 0px; list-style: none; border-width: 1px 0px 0px; border-top-style: solid; border-right-style: initial; border-bottom-style: initial; border-left-style: initial; border-top-color: rgb(241, 242, 243); border-right-color: initial; border-bottom-color: initial; border-left-color: initial; border-image: initial; outline: none; line-height: 20px; display: flex;\"><span class=\"aps-1co\" style=\"padding: 7px 10px; margin: 0px; list-style: none; border: none; outline: none; line-height: 1.5; float: left; min-height: 34px; display: inline-block; width: 651.4px;\">Wi-Fi 802.11 a/b/g/n/ac/6</span></div></li><li style=\"padding: 0px; margin: 0px; list-style: none; border: 0px; outline: none; line-height: 1.5; float: left; width: 651.4px; background: rgb(255, 255, 255);\"><div class=\"aps-attr-title\" style=\"padding: 0px; margin: 0px; list-style: none; border-width: 1px 1px 0px 0px; border-top-style: solid; border-right-style: solid; border-bottom-style: initial; border-left-style: initial; border-top-color: rgb(241, 242, 243); border-right-color: rgb(241, 242, 243); border-bottom-color: initial; border-left-color: initial; border-image: initial; outline: none; line-height: 1.5; width: 160px; background: rgb(247, 248, 249); position: absolute; left: 0px; top: auto; z-index: 81;\"><span class=\"aps-term\" style=\"padding: 7px 10px; margin: 0px; list-style: none; border: 0px; outline: none; font-weight: 600; line-height: 1.5; display: block;\">WLAN</span></div><div class=\"aps-attr-value\" style=\"padding: 0px; margin: 0px; list-style: none; border-width: 1px 0px 0px; border-top-style: solid; border-right-style: initial; border-bottom-style: initial; border-left-style: initial; border-top-color: rgb(241, 242, 243); border-right-color: initial; border-bottom-color: initial; border-left-color: initial; border-image: initial; outline: none; line-height: 20px; display: flex;\"><span class=\"aps-1co\" style=\"padding: 7px 10px; margin: 0px; list-style: none; border: none; outline: none; line-height: 1.5; float: left; min-height: 34px; display: inline-block; width: 651.4px;\">Dual-band, hotspot</span></div></li><li style=\"padding: 0px; margin: 0px; list-style: none; border: 0px; outline: none; line-height: 1.5; float: left; width: 651.4px; background: rgb(255, 255, 255);\"><div class=\"aps-attr-title\" style=\"padding: 0px; margin: 0px; list-style: none; border-width: 1px 1px 0px 0px; border-top-style: solid; border-right-style: solid; border-bottom-style: initial; border-left-style: initial; border-top-color: rgb(241, 242, 243); border-right-color: rgb(241, 242, 243); border-bottom-color: initial; border-left-color: initial; border-image: initial; outline: none; line-height: 1.5; width: 160px; background: rgb(247, 248, 249); position: absolute; left: 0px; top: auto; z-index: 81;\"><span class=\"aps-term\" style=\"padding: 7px 10px; margin: 0px; list-style: none; border: 0px; outline: none; font-weight: 600; line-height: 1.5; display: block;\">Bluetooth</span></div><div class=\"aps-attr-value\" style=\"padding: 0px; margin: 0px; list-style: none; border-width: 1px 0px 0px; border-top-style: solid; border-right-style: initial; border-bottom-style: initial; border-left-style: initial; border-top-color: rgb(241, 242, 243); border-right-color: initial; border-bottom-color: initial; border-left-color: initial; border-image: initial; outline: none; line-height: 20px; display: flex;\"><span class=\"aps-1co\" style=\"padding: 7px 10px; margin: 0px; list-style: none; border: none; outline: none; line-height: 1.5; float: left; min-height: 34px; display: inline-block; width: 651.4px;\">5.3, A2DP, LE</span></div></li><li style=\"padding: 0px; margin: 0px; list-style: none; border: 0px; outline: none; line-height: 1.5; float: left; width: 651.4px; background: rgb(255, 255, 255);\"><div class=\"aps-attr-title\" style=\"padding: 0px; margin: 0px; list-style: none; border-width: 1px 1px 0px 0px; border-top-style: solid; border-right-style: solid; border-bottom-style: initial; border-left-style: initial; border-top-color: rgb(241, 242, 243); border-right-color: rgb(241, 242, 243); border-bottom-color: initial; border-left-color: initial; border-image: initial; outline: none; line-height: 1.5; width: 160px; background: rgb(247, 248, 249); position: absolute; left: 0px; top: auto; z-index: 81;\"><span class=\"aps-term\" style=\"padding: 7px 10px; margin: 0px; list-style: none; border: 0px; outline: none; font-weight: 600; line-height: 1.5; display: block;\">NFC</span></div><div class=\"aps-attr-value\" style=\"padding: 0px; margin: 0px; list-style: none; border-width: 1px 0px 0px; border-top-style: solid; border-right-style: initial; border-bottom-style: initial; border-left-style: initial; border-top-color: rgb(241, 242, 243); border-right-color: initial; border-bottom-color: initial; border-left-color: initial; border-image: initial; outline: none; line-height: 20px; display: flex;\"><span class=\"aps-1co\" style=\"padding: 7px 10px; margin: 0px; list-style: none; border: none; outline: none; line-height: 1.5; float: left; min-height: 34px; display: inline-block; width: 651.4px;\">Yes</span></div></li><li style=\"padding: 0px; margin: 0px; list-style: none; border: 0px; outline: none; line-height: 1.5; float: left; width: 651.4px; background: rgb(255, 255, 255);\"><div class=\"aps-attr-title\" style=\"padding: 0px; margin: 0px; list-style: none; border-width: 1px 1px 0px 0px; border-top-style: solid; border-right-style: solid; border-bottom-style: initial; border-left-style: initial; border-top-color: rgb(241, 242, 243); border-right-color: rgb(241, 242, 243); border-bottom-color: initial; border-left-color: initial; border-image: initial; outline: none; line-height: 1.5; width: 160px; background: rgb(247, 248, 249); position: absolute; left: 0px; top: auto; z-index: 81;\"><span class=\"aps-term\" style=\"padding: 7px 10px; margin: 0px; list-style: none; border: 0px; outline: none; font-weight: 600; line-height: 1.5; display: block;\">USB</span></div><div class=\"aps-attr-value\" style=\"padding: 0px; margin: 0px; list-style: none; border-width: 1px 0px 0px; border-top-style: solid; border-right-style: initial; border-bottom-style: initial; border-left-style: initial; border-top-color: rgb(241, 242, 243); border-right-color: initial; border-bottom-color: initial; border-left-color: initial; border-image: initial; outline: none; line-height: 20px; display: flex;\"><span class=\"aps-1co\" style=\"padding: 7px 10px; margin: 0px; list-style: none; border: none; outline: none; line-height: 1.5; float: left; min-height: 34px; display: inline-block; width: 651.4px;\">Lightning, USB 2.0, proprietary reversible connector</span></div></li><li style=\"padding: 0px; margin: 0px; list-style: none; border: 0px; outline: none; line-height: 1.5; float: left; width: 651.4px; background: rgb(255, 255, 255);\"><div class=\"aps-attr-title\" style=\"padding: 0px; margin: 0px; list-style: none; border-width: 1px 1px 0px 0px; border-top-style: solid; border-right-style: solid; border-bottom-style: initial; border-left-style: initial; border-top-color: rgb(241, 242, 243); border-right-color: rgb(241, 242, 243); border-bottom-color: initial; border-left-color: initial; border-image: initial; outline: none; line-height: 1.5; width: 160px; background: rgb(247, 248, 249); position: absolute; left: 0px; top: auto; z-index: 81;\"><span class=\"aps-term\" style=\"padding: 7px 10px; margin: 0px; list-style: none; border: 0px; outline: none; font-weight: 600; line-height: 1.5; display: block;\">Infrared port</span></div><div class=\"aps-attr-value\" style=\"padding: 0px; margin: 0px; list-style: none; border-width: 1px 0px 0px; border-top-style: solid; border-right-style: initial; border-bottom-style: initial; border-left-style: initial; border-top-color: rgb(241, 242, 243); border-right-color: initial; border-bottom-color: initial; border-left-color: initial; border-image: initial; outline: none; line-height: 20px; display: flex;\"><span class=\"aps-1co\" style=\"padding: 7px 10px; margin: 0px; list-style: none; border: none; outline: none; line-height: 1.5; float: left; min-height: 34px; display: inline-block; width: 651.4px;\"><i class=\"aps-icon-cancel aps-icon-cross\" style=\"padding: 2px 3px; margin: 0px; list-style: none; border: 0px; outline: none; line-height: 1; color: rgb(255, 255, 255); font-size: 15px; display: inline-block; border-radius: 50%; background: rgb(202, 50, 28);\"></i></span></div></li><li style=\"padding: 0px; margin: 0px; list-style: none; border: 0px; outline: none; line-height: 1.5; float: left; width: 651.4px; background: rgb(255, 255, 255);\"><div class=\"aps-attr-title\" style=\"padding: 0px; margin: 0px; list-style: none; border-width: 1px 1px 0px 0px; border-top-style: solid; border-right-style: solid; border-bottom-style: initial; border-left-style: initial; border-top-color: rgb(241, 242, 243); border-right-color: rgb(241, 242, 243); border-bottom-color: initial; border-left-color: initial; border-image: initial; outline: none; line-height: 1.5; width: 160px; background: rgb(247, 248, 249); position: absolute; left: 0px; top: auto; z-index: 81;\"><span class=\"aps-term\" style=\"padding: 7px 10px; margin: 0px; list-style: none; border: 0px; outline: none; font-weight: 600; line-height: 1.5; display: block;\">FM Radio</span></div><div class=\"aps-attr-value\" style=\"padding: 0px; margin: 0px; list-style: none; border-width: 1px 0px 0px; border-top-style: solid; border-right-style: initial; border-bottom-style: initial; border-left-style: initial; border-top-color: rgb(241, 242, 243); border-right-color: initial; border-bottom-color: initial; border-left-color: initial; border-image: initial; outline: none; line-height: 20px; display: flex;\"><span class=\"aps-1co\" style=\"padding: 7px 10px; margin: 0px; list-style: none; border: none; outline: none; line-height: 1.5; float: left; min-height: 34px; display: inline-block; width: 651.4px;\">No</span></div></li><li style=\"padding: 0px; margin: 0px; list-style: none; border: 0px; outline: none; line-height: 1.5; float: left; width: 651.4px; background: rgb(255, 255, 255);\"><div class=\"aps-attr-title\" style=\"padding: 0px; margin: 0px; list-style: none; border-width: 1px 1px 0px 0px; border-top-style: solid; border-right-style: solid; border-bottom-style: initial; border-left-style: initial; border-top-color: rgb(241, 242, 243); border-right-color: rgb(241, 242, 243); border-bottom-color: initial; border-left-color: initial; border-image: initial; outline: none; line-height: 1.5; width: 160px; background: rgb(247, 248, 249); position: absolute; left: 0px; top: auto; z-index: 81;\"><span class=\"aps-term\" style=\"padding: 7px 10px; margin: 0px; list-style: none; border: 0px; outline: none; font-weight: 600; line-height: 1.5; display: block;\">Browser</span></div><div class=\"aps-attr-value\" style=\"padding: 0px; margin: 0px; list-style: none; border-width: 1px 0px 0px; border-top-style: solid; border-right-style: initial; border-bottom-style: initial; border-left-style: initial; border-top-color: rgb(241, 242, 243); border-right-color: initial; border-bottom-color: initial; border-left-color: initial; border-image: initial; outline: none; line-height: 20px; display: flex;\"><span class=\"aps-1co\" style=\"padding: 7px 10px; margin: 0px; list-style: none; border: none; outline: none; line-height: 1.5; float: left; min-height: 34px; display: inline-block; width: 651.4px;\">HTML 5</span></div></li></ul></div></div></div><div class=\"aps-group\" style=\"padding: 0px; margin: 0px 0px 20px; list-style: none; border: 1px solid rgb(232, 233, 234); outline: none; line-height: 1.5; float: left; width: 813px; position: relative; background-image: initial; background-position: initial; background-size: initial; background-repeat: initial; background-attachment: initial; background-origin: initial; background-clip: initial; border-radius: 5px; color: rgb(114, 115, 116); font-family: -apple-system, BlinkMacSystemFont, &quot;Segoe UI&quot;, Roboto, Oxygen, Oxygen-Sans, Ubuntu, Cantarell, &quot;Helvetica Neue&quot;, &quot;Open Sans&quot;, Arial, sans-serif; font-size: 13px;\"><h3 class=\"aps-group-title\" style=\"padding: 2px 10px; margin-bottom: 10px; list-style: none; border: 0px; outline: none; line-height: 1.5; font-size: 20px; color: rgb(255, 255, 255); font-family: Poppins; margin-right: 0px !important; margin-left: 0px !important; background: rgb(59, 89, 152) !important;\">Sensors<span class=\"alignright aps-icon-eye\" style=\"padding: 0px; margin: 0px; list-style: none; border: 0px; outline: none; line-height: 1.5; float: right; color: rgb(134, 135, 136);\"></span></h3><div class=\"aps-specs-table\" style=\"padding: 0px; margin: 0px; list-style: none; border: 0px; outline: none; line-height: 1.5; float: left; width: 811.4px; position: relative; background: rgb(247, 248, 249);\"><div class=\"aps-specs-scroller\" style=\"padding: 0px; margin: 0px 0px 0px 160px; list-style: none; border: 0px; outline: none; line-height: 1.5; overflow-y: hidden;\"><ul class=\"aps-specs-list\" style=\"padding: 0px; margin-right: 0px; margin-bottom: 0px; margin-left: 0px; list-style: none; border: 0px; outline: none; line-height: 1.5; float: left; width: 651.4px;\"><li style=\"padding: 0px; margin: 0px; list-style: none; border: 0px; outline: none; line-height: 1.5; float: left; width: 651.4px; background: rgb(255, 255, 255);\"><div class=\"aps-attr-title\" style=\"padding: 0px; margin: 0px; list-style: none; border-width: 1px 1px 0px 0px; border-top-style: solid; border-right-style: solid; border-bottom-style: initial; border-left-style: initial; border-top-color: rgb(241, 242, 243); border-right-color: rgb(241, 242, 243); border-bottom-color: initial; border-left-color: initial; border-image: initial; outline: none; line-height: 1.5; width: 160px; background: rgb(247, 248, 249); position: absolute; left: 0px; top: auto; z-index: 81;\"><span class=\"aps-term\" style=\"padding: 7px 10px; margin: 0px; list-style: none; border: 0px; outline: none; font-weight: 600; line-height: 1.5; display: block;\">GPS Sensor</span></div><div class=\"aps-attr-value\" style=\"padding: 0px; margin: 0px; list-style: none; border-width: 1px 0px 0px; border-top-style: solid; border-right-style: initial; border-bottom-style: initial; border-left-style: initial; border-top-color: rgb(241, 242, 243); border-right-color: initial; border-bottom-color: initial; border-left-color: initial; border-image: initial; outline: none; line-height: 20px; display: flex;\"><span class=\"aps-1co\" style=\"padding: 7px 10px; margin: 0px; list-style: none; border: none; outline: none; line-height: 1.5; float: left; min-height: 34px; display: inline-block; width: 651.4px;\">Yes, with dual-band A-GPS, GLONASS, GALILEO, BDS, QZSS</span></div></li><li style=\"padding: 0px; margin: 0px; list-style: none; border: 0px; outline: none; line-height: 1.5; float: left; width: 651.4px; background: rgb(255, 255, 255);\"><div class=\"aps-attr-title\" style=\"padding: 0px; margin: 0px; list-style: none; border-width: 1px 1px 0px 0px; border-top-style: solid; border-right-style: solid; border-bottom-style: initial; border-left-style: initial; border-top-color: rgb(241, 242, 243); border-right-color: rgb(241, 242, 243); border-bottom-color: initial; border-left-color: initial; border-image: initial; outline: none; line-height: 1.5; width: 160px; background: rgb(247, 248, 249); position: absolute; left: 0px; top: auto; z-index: 81;\"><span class=\"aps-term\" style=\"padding: 7px 10px; margin: 0px; list-style: none; border: 0px; outline: none; font-weight: 600; line-height: 1.5; display: block;\">Proximity Sensor</span></div><div class=\"aps-attr-value\" style=\"padding: 0px; margin: 0px; list-style: none; border-width: 1px 0px 0px; border-top-style: solid; border-right-style: initial; border-bottom-style: initial; border-left-style: initial; border-top-color: rgb(241, 242, 243); border-right-color: initial; border-bottom-color: initial; border-left-color: initial; border-image: initial; outline: none; line-height: 20px; display: flex;\"><span class=\"aps-1co\" style=\"padding: 7px 10px; margin: 0px; list-style: none; border: none; outline: none; line-height: 1.5; float: left; min-height: 34px; display: inline-block; width: 651.4px;\"><i class=\"aps-icon-check\" style=\"padding: 2px 3px; margin: 0px; list-style: none; border: 0px; outline: none; line-height: 1; color: rgb(255, 255, 255); font-size: 15px; display: inline-block; border-radius: 50%; background: rgb(138, 198, 60);\"></i></span></div></li><li style=\"padding: 0px; margin: 0px; list-style: none; border: 0px; outline: none; line-height: 1.5; float: left; width: 651.4px; background: rgb(255, 255, 255);\"><div class=\"aps-attr-title\" style=\"padding: 0px; margin: 0px; list-style: none; border-width: 1px 1px 0px 0px; border-top-style: solid; border-right-style: solid; border-bottom-style: initial; border-left-style: initial; border-top-color: rgb(241, 242, 243); border-right-color: rgb(241, 242, 243); border-bottom-color: initial; border-left-color: initial; border-image: initial; outline: none; line-height: 1.5; width: 160px; background: rgb(247, 248, 249); position: absolute; left: 0px; top: auto; z-index: 81;\"><span class=\"aps-term\" style=\"padding: 7px 10px; margin: 0px; list-style: none; border: 0px; outline: none; font-weight: 600; line-height: 1.5; display: block;\">Accelerometer</span></div><div class=\"aps-attr-value\" style=\"padding: 0px; margin: 0px; list-style: none; border-width: 1px 0px 0px; border-top-style: solid; border-right-style: initial; border-bottom-style: initial; border-left-style: initial; border-top-color: rgb(241, 242, 243); border-right-color: initial; border-bottom-color: initial; border-left-color: initial; border-image: initial; outline: none; line-height: 20px; display: flex;\"><span class=\"aps-1co\" style=\"padding: 7px 10px; margin: 0px; list-style: none; border: none; outline: none; line-height: 1.5; float: left; min-height: 34px; display: inline-block; width: 651.4px;\"><i class=\"aps-icon-check\" style=\"padding: 2px 3px; margin: 0px; list-style: none; border: 0px; outline: none; line-height: 1; color: rgb(255, 255, 255); font-size: 15px; display: inline-block; border-radius: 50%; background: rgb(138, 198, 60);\"></i></span></div></li><li style=\"padding: 0px; margin: 0px; list-style: none; border: 0px; outline: none; line-height: 1.5; float: left; width: 651.4px; background: rgb(255, 255, 255);\"><div class=\"aps-attr-title\" style=\"padding: 0px; margin: 0px; list-style: none; border-width: 1px 1px 0px 0px; border-top-style: solid; border-right-style: solid; border-bottom-style: initial; border-left-style: initial; border-top-color: rgb(241, 242, 243); border-right-color: rgb(241, 242, 243); border-bottom-color: initial; border-left-color: initial; border-image: initial; outline: none; line-height: 1.5; width: 160px; background: rgb(247, 248, 249); position: absolute; left: 0px; top: auto; z-index: 81;\"><span class=\"aps-term\" style=\"padding: 7px 10px; margin: 0px; list-style: none; border: 0px; outline: none; font-weight: 600; line-height: 1.5; display: block;\">Compass / Magnetometer Sensor</span></div><div class=\"aps-attr-value\" style=\"padding: 0px; margin: 0px; list-style: none; border-width: 1px 0px 0px; border-top-style: solid; border-right-style: initial; border-bottom-style: initial; border-left-style: initial; border-top-color: rgb(241, 242, 243); border-right-color: initial; border-bottom-color: initial; border-left-color: initial; border-image: initial; outline: none; line-height: 20px; display: flex;\"><span class=\"aps-1co\" style=\"padding: 7px 10px; margin: 0px; list-style: none; border: none; outline: none; line-height: 1.5; float: left; min-height: 34px; display: inline-block; width: 651.4px;\"><i class=\"aps-icon-check\" style=\"padding: 2px 3px; margin: 0px; list-style: none; border: 0px; outline: none; line-height: 1; color: rgb(255, 255, 255); font-size: 15px; display: inline-block; border-radius: 50%; background: rgb(138, 198, 60);\"></i></span></div></li><li style=\"padding: 0px; margin: 0px; list-style: none; border: 0px; outline: none; line-height: 1.5; float: left; width: 651.4px; background: rgb(255, 255, 255);\"><div class=\"aps-attr-title\" style=\"padding: 0px; margin: 0px; list-style: none; border-width: 1px 1px 0px 0px; border-top-style: solid; border-right-style: solid; border-bottom-style: initial; border-left-style: initial; border-top-color: rgb(241, 242, 243); border-right-color: rgb(241, 242, 243); border-bottom-color: initial; border-left-color: initial; border-image: initial; outline: none; line-height: 1.5; width: 160px; background: rgb(247, 248, 249); position: absolute; left: 0px; top: auto; z-index: 81;\"><span class=\"aps-term\" style=\"padding: 7px 10px; margin: 0px; list-style: none; border: 0px; outline: none; font-weight: 600; line-height: 1.5; display: block;\">Gyroscope Sensor</span></div><div class=\"aps-attr-value\" style=\"padding: 0px; margin: 0px; list-style: none; border-width: 1px 0px 0px; border-top-style: solid; border-right-style: initial; border-bottom-style: initial; border-left-style: initial; border-top-color: rgb(241, 242, 243); border-right-color: initial; border-bottom-color: initial; border-left-color: initial; border-image: initial; outline: none; line-height: 20px; display: flex;\"><span class=\"aps-1co\" style=\"padding: 7px 10px; margin: 0px; list-style: none; border: none; outline: none; line-height: 1.5; float: left; min-height: 34px; display: inline-block; width: 651.4px;\"><i class=\"aps-icon-check\" style=\"padding: 2px 3px; margin: 0px; list-style: none; border: 0px; outline: none; line-height: 1; color: rgb(255, 255, 255); font-size: 15px; display: inline-block; border-radius: 50%; background: rgb(138, 198, 60);\"></i></span></div></li><li style=\"padding: 0px; margin: 0px; list-style: none; border: 0px; outline: none; line-height: 1.5; float: left; width: 651.4px; background: rgb(255, 255, 255);\"><div class=\"aps-attr-title\" style=\"padding: 0px; margin: 0px; list-style: none; border-width: 1px 1px 0px 0px; border-top-style: solid; border-right-style: solid; border-bottom-style: initial; border-left-style: initial; border-top-color: rgb(241, 242, 243); border-right-color: rgb(241, 242, 243); border-bottom-color: initial; border-left-color: initial; border-image: initial; outline: none; line-height: 1.5; width: 160px; background: rgb(247, 248, 249); position: absolute; left: 0px; top: auto; z-index: 81;\"><span class=\"aps-term\" style=\"padding: 7px 10px; margin: 0px; list-style: none; border: 0px; outline: none; font-weight: 600; line-height: 1.5; display: block;\">Light Sensor</span></div><div class=\"aps-attr-value\" style=\"padding: 0px; margin: 0px; list-style: none; border-width: 1px 0px 0px; border-top-style: solid; border-right-style: initial; border-bottom-style: initial; border-left-style: initial; border-top-color: rgb(241, 242, 243); border-right-color: initial; border-bottom-color: initial; border-left-color: initial; border-image: initial; outline: none; line-height: 20px; display: flex;\"><span class=\"aps-1co\" style=\"padding: 7px 10px; margin: 0px; list-style: none; border: none; outline: none; line-height: 1.5; float: left; min-height: 34px; display: inline-block; width: 651.4px;\"><i class=\"aps-icon-check\" style=\"padding: 2px 3px; margin: 0px; list-style: none; border: 0px; outline: none; line-height: 1; color: rgb(255, 255, 255); font-size: 15px; display: inline-block; border-radius: 50%; background: rgb(138, 198, 60);\"></i></span></div></li><li style=\"padding: 0px; margin: 0px; list-style: none; border: 0px; outline: none; line-height: 1.5; float: left; width: 651.4px; background: rgb(255, 255, 255);\"><div class=\"aps-attr-title\" style=\"padding: 0px; margin: 0px; list-style: none; border-width: 1px 1px 0px 0px; border-top-style: solid; border-right-style: solid; border-bottom-style: initial; border-left-style: initial; border-top-color: rgb(241, 242, 243); border-right-color: rgb(241, 242, 243); border-bottom-color: initial; border-left-color: initial; border-image: initial; outline: none; line-height: 1.5; width: 160px; background: rgb(247, 248, 249); position: absolute; left: 0px; top: auto; z-index: 81;\"><span class=\"aps-term\" style=\"padding: 7px 10px; margin: 0px; list-style: none; border: 0px; outline: none; font-weight: 600; line-height: 1.5; display: block;\">More Sensors</span></div><div class=\"aps-attr-value\" style=\"padding: 0px; margin: 0px; list-style: none; border-width: 1px 0px 0px; border-top-style: solid; border-right-style: initial; border-bottom-style: initial; border-left-style: initial; border-top-color: rgb(241, 242, 243); border-right-color: initial; border-bottom-color: initial; border-left-color: initial; border-image: initial; outline: none; line-height: 20px; display: flex;\"><span class=\"aps-1co\" style=\"padding: 7px 10px; margin: 0px; list-style: none; border: none; outline: none; line-height: 1.5; float: left; min-height: 34px; display: inline-block; width: 651.4px;\">- Face ID<br style=\"padding: 0px; margin: 0px; list-style: none; border: 0px; outline: none; line-height: 1.5;\">- Barometer<br style=\"padding: 0px; margin: 0px; list-style: none; border: 0px; outline: none; line-height: 1.5;\">- LiDAR Scanner<br style=\"padding: 0px; margin: 0px; list-style: none; border: 0px; outline: none; line-height: 1.5;\">- Ultra-Wideband (UWB) support<br style=\"padding: 0px; margin: 0px; list-style: none; border: 0px; outline: none; line-height: 1.5;\">- Siri natural language commands and dictation</span></div></li></ul></div></div></div><div class=\"aps-group\" style=\"padding: 0px; margin: 0px 0px 20px; list-style: none; border: 1px solid rgb(232, 233, 234); outline: none; line-height: 1.5; float: left; width: 813px; position: relative; background-image: initial; background-position: initial; background-size: initial; background-repeat: initial; background-attachment: initial; background-origin: initial; background-clip: initial; border-radius: 5px; color: rgb(114, 115, 116); font-family: -apple-system, BlinkMacSystemFont, &quot;Segoe UI&quot;, Roboto, Oxygen, Oxygen-Sans, Ubuntu, Cantarell, &quot;Helvetica Neue&quot;, &quot;Open Sans&quot;, Arial, sans-serif; font-size: 13px;\"><h3 class=\"aps-group-title\" style=\"padding: 2px 10px; margin-bottom: 10px; list-style: none; border: 0px; outline: none; line-height: 1.5; font-size: 20px; color: rgb(255, 255, 255); font-family: Poppins; margin-right: 0px !important; margin-left: 0px !important; background: rgb(59, 89, 152) !important;\">Sound<span class=\"alignright aps-icon-speakers\" style=\"padding: 0px; margin: 0px; list-style: none; border: 0px; outline: none; line-height: 1.5; float: right; color: rgb(134, 135, 136);\"></span></h3><div class=\"aps-specs-table\" style=\"padding: 0px; margin: 0px; list-style: none; border: 0px; outline: none; line-height: 1.5; float: left; width: 811.4px; position: relative; background: rgb(247, 248, 249);\"><div class=\"aps-specs-scroller\" style=\"padding: 0px; margin: 0px 0px 0px 160px; list-style: none; border: 0px; outline: none; line-height: 1.5; overflow-y: hidden;\"><ul class=\"aps-specs-list\" style=\"padding: 0px; margin-right: 0px; margin-bottom: 0px; margin-left: 0px; list-style: none; border: 0px; outline: none; line-height: 1.5; float: left; width: 651.4px;\"><li style=\"padding: 0px; margin: 0px; list-style: none; border: 0px; outline: none; line-height: 1.5; float: left; width: 651.4px; background: rgb(255, 255, 255);\"><div class=\"aps-attr-title\" style=\"padding: 0px; margin: 0px; list-style: none; border-width: 1px 1px 0px 0px; border-top-style: solid; border-right-style: solid; border-bottom-style: initial; border-left-style: initial; border-top-color: rgb(241, 242, 243); border-right-color: rgb(241, 242, 243); border-bottom-color: initial; border-left-color: initial; border-image: initial; outline: none; line-height: 1.5; width: 160px; background: rgb(247, 248, 249); position: absolute; left: 0px; top: auto; z-index: 81;\"><span class=\"aps-term\" style=\"padding: 7px 10px; margin: 0px; list-style: none; border: 0px; outline: none; font-weight: 600; line-height: 1.5; display: block;\">Alert types</span></div><div class=\"aps-attr-value\" style=\"padding: 0px; margin: 0px; list-style: none; border-width: 1px 0px 0px; border-top-style: solid; border-right-style: initial; border-bottom-style: initial; border-left-style: initial; border-top-color: rgb(241, 242, 243); border-right-color: initial; border-bottom-color: initial; border-left-color: initial; border-image: initial; outline: none; line-height: 20px; display: flex;\"><span class=\"aps-1co\" style=\"padding: 7px 10px; margin: 0px; list-style: none; border: none; outline: none; line-height: 1.5; float: left; min-height: 34px; display: inline-block; width: 651.4px;\">Vibration, MP3, WAV ringtones</span></div></li><li style=\"padding: 0px; margin: 0px; list-style: none; border: 0px; outline: none; line-height: 1.5; float: left; width: 651.4px; background: rgb(255, 255, 255);\"><div class=\"aps-attr-title\" style=\"padding: 0px; margin: 0px; list-style: none; border-width: 1px 1px 0px 0px; border-top-style: solid; border-right-style: solid; border-bottom-style: initial; border-left-style: initial; border-top-color: rgb(241, 242, 243); border-right-color: rgb(241, 242, 243); border-bottom-color: initial; border-left-color: initial; border-image: initial; outline: none; line-height: 1.5; width: 160px; background: rgb(247, 248, 249); position: absolute; left: 0px; top: auto; z-index: 81;\"><span class=\"aps-term\" style=\"padding: 7px 10px; margin: 0px; list-style: none; border: 0px; outline: none; font-weight: 600; line-height: 1.5; display: block;\">3.5 mm Audio Jack</span></div><div class=\"aps-attr-value\" style=\"padding: 0px; margin: 0px; list-style: none; border-width: 1px 0px 0px; border-top-style: solid; border-right-style: initial; border-bottom-style: initial; border-left-style: initial; border-top-color: rgb(241, 242, 243); border-right-color: initial; border-bottom-color: initial; border-left-color: initial; border-image: initial; outline: none; line-height: 20px; display: flex;\"><span class=\"aps-1co\" style=\"padding: 7px 10px; margin: 0px; list-style: none; border: none; outline: none; line-height: 1.5; float: left; min-height: 34px; display: inline-block; width: 651.4px;\">No</span></div></li><li style=\"padding: 0px; margin: 0px; list-style: none; border: 0px; outline: none; line-height: 1.5; float: left; width: 651.4px; background: rgb(255, 255, 255);\"><div class=\"aps-attr-title\" style=\"padding: 0px; margin: 0px; list-style: none; border-width: 1px 1px 0px 0px; border-top-style: solid; border-right-style: solid; border-bottom-style: initial; border-left-style: initial; border-top-color: rgb(241, 242, 243); border-right-color: rgb(241, 242, 243); border-bottom-color: initial; border-left-color: initial; border-image: initial; outline: none; line-height: 1.5; width: 160px; background: rgb(247, 248, 249); position: absolute; left: 0px; top: auto; z-index: 81;\"><span class=\"aps-term\" style=\"padding: 7px 10px; margin: 0px; list-style: none; border: 0px; outline: none; font-weight: 600; line-height: 1.5; display: block;\">Loudspeaker</span></div><div class=\"aps-attr-value\" style=\"padding: 0px; margin: 0px; list-style: none; border-width: 1px 0px 0px; border-top-style: solid; border-right-style: initial; border-bottom-style: initial; border-left-style: initial; border-top-color: rgb(241, 242, 243); border-right-color: initial; border-bottom-color: initial; border-left-color: initial; border-image: initial; outline: none; line-height: 20px; display: flex;\"><span class=\"aps-1co\" style=\"padding: 7px 10px; margin: 0px; list-style: none; border: none; outline: none; line-height: 1.5; float: left; min-height: 34px; display: inline-block; width: 651.4px;\">Yes<br style=\"padding: 0px; margin: 0px; list-style: none; border: 0px; outline: none; line-height: 1.5;\"></span></div></li><li style=\"padding: 0px; margin: 0px; list-style: none; border: 0px; outline: none; line-height: 1.5; float: left; width: 651.4px; background: rgb(255, 255, 255);\"><div class=\"aps-attr-title\" style=\"padding: 0px; margin: 0px; list-style: none; border-width: 1px 1px 0px 0px; border-top-style: solid; border-right-style: solid; border-bottom-style: initial; border-left-style: initial; border-top-color: rgb(241, 242, 243); border-right-color: rgb(241, 242, 243); border-bottom-color: initial; border-left-color: initial; border-image: initial; outline: none; line-height: 1.5; width: 160px; background: rgb(247, 248, 249); position: absolute; left: 0px; top: auto; z-index: 81;\"><span class=\"aps-term\" style=\"padding: 7px 10px; margin: 0px; list-style: none; border: 0px; outline: none; font-weight: 600; line-height: 1.5; display: block;\">Features</span></div><div class=\"aps-attr-value\" style=\"padding: 0px; margin: 0px; list-style: none; border-width: 1px 0px 0px; border-top-style: solid; border-right-style: initial; border-bottom-style: initial; border-left-style: initial; border-top-color: rgb(241, 242, 243); border-right-color: initial; border-bottom-color: initial; border-left-color: initial; border-image: initial; outline: none; line-height: 20px; display: flex;\"><span class=\"aps-1co\" style=\"padding: 7px 10px; margin: 0px; list-style: none; border: none; outline: none; line-height: 1.5; float: left; min-height: 34px; display: inline-block; width: 651.4px;\">- Stereo speakers<br style=\"padding: 0px; margin: 0px; list-style: none; border: 0px; outline: none; line-height: 1.5;\">- Active noise cancellation with dedicated mic</span></div></li></ul></div></div></div><div class=\"aps-group\" style=\"padding: 0px; margin: 0px 0px 20px; list-style: none; border: 1px solid rgb(232, 233, 234); outline: none; line-height: 1.5; float: left; width: 813px; position: relative; background-image: initial; background-position: initial; background-size: initial; background-repeat: initial; background-attachment: initial; background-origin: initial; background-clip: initial; border-radius: 5px; color: rgb(114, 115, 116); font-family: -apple-system, BlinkMacSystemFont, &quot;Segoe UI&quot;, Roboto, Oxygen, Oxygen-Sans, Ubuntu, Cantarell, &quot;Helvetica Neue&quot;, &quot;Open Sans&quot;, Arial, sans-serif; font-size: 13px;\"><h3 class=\"aps-group-title\" style=\"padding: 2px 10px; margin-bottom: 10px; list-style: none; border: 0px; outline: none; line-height: 1.5; font-size: 20px; color: rgb(255, 255, 255); font-family: Poppins; margin-right: 0px !important; margin-left: 0px !important; background: rgb(59, 89, 152) !important;\">Battery<span class=\"alignright aps-icon-battery\" style=\"padding: 0px; margin: 0px; list-style: none; border: 0px; outline: none; line-height: 1.5; float: right; color: rgb(134, 135, 136);\"></span></h3><div class=\"aps-specs-table\" style=\"padding: 0px; margin: 0px; list-style: none; border: 0px; outline: none; line-height: 1.5; float: left; width: 811.4px; position: relative; background: rgb(247, 248, 249);\"><div class=\"aps-specs-scroller\" style=\"padding: 0px; margin: 0px 0px 0px 160px; list-style: none; border: 0px; outline: none; line-height: 1.5; overflow-y: hidden;\"><ul class=\"aps-specs-list\" style=\"padding: 0px; margin-right: 0px; margin-bottom: 0px; margin-left: 0px; list-style: none; border: 0px; outline: none; line-height: 1.5; float: left; width: 651.4px;\"><li style=\"padding: 0px; margin: 0px; list-style: none; border: 0px; outline: none; line-height: 1.5; float: left; width: 651.4px; background: rgb(255, 255, 255);\"><div class=\"aps-attr-title\" style=\"padding: 0px; margin: 0px; list-style: none; border-width: 1px 1px 0px 0px; border-top-style: solid; border-right-style: solid; border-bottom-style: initial; border-left-style: initial; border-top-color: rgb(241, 242, 243); border-right-color: rgb(241, 242, 243); border-bottom-color: initial; border-left-color: initial; border-image: initial; outline: none; line-height: 1.5; width: 160px; background: rgb(247, 248, 249); position: absolute; left: 0px; top: auto; z-index: 81;\"><span class=\"aps-term\" style=\"padding: 7px 10px; margin: 0px; list-style: none; border: 0px; outline: none; font-weight: 600; line-height: 1.5; display: block;\">Battery Type</span></div><div class=\"aps-attr-value\" style=\"padding: 0px; margin: 0px; list-style: none; border-width: 1px 0px 0px; border-top-style: solid; border-right-style: initial; border-bottom-style: initial; border-left-style: initial; border-top-color: rgb(241, 242, 243); border-right-color: initial; border-bottom-color: initial; border-left-color: initial; border-image: initial; outline: none; line-height: 20px; display: flex;\"><span class=\"aps-1co\" style=\"padding: 7px 10px; margin: 0px; list-style: none; border: none; outline: none; line-height: 1.5; float: left; min-height: 34px; display: inline-block; width: 651.4px;\">Non-removable Li-Ion</span></div></li><li style=\"padding: 0px; margin: 0px; list-style: none; border: 0px; outline: none; line-height: 1.5; float: left; width: 651.4px; background: rgb(255, 255, 255);\"><div class=\"aps-attr-title\" style=\"padding: 0px; margin: 0px; list-style: none; border-width: 1px 1px 0px 0px; border-top-style: solid; border-right-style: solid; border-bottom-style: initial; border-left-style: initial; border-top-color: rgb(241, 242, 243); border-right-color: rgb(241, 242, 243); border-bottom-color: initial; border-left-color: initial; border-image: initial; outline: none; line-height: 1.5; width: 160px; background: rgb(247, 248, 249); position: absolute; left: 0px; top: auto; z-index: 81;\"><span class=\"aps-term\" style=\"padding: 7px 10px; margin: 0px; list-style: none; border: 0px; outline: none; font-weight: 600; line-height: 1.5; display: block;\">Battery Capacity</span></div><div class=\"aps-attr-value\" style=\"padding: 0px; margin: 0px; list-style: none; border-width: 1px 0px 0px; border-top-style: solid; border-right-style: initial; border-bottom-style: initial; border-left-style: initial; border-top-color: rgb(241, 242, 243); border-right-color: initial; border-bottom-color: initial; border-left-color: initial; border-image: initial; outline: none; line-height: 20px; display: flex;\"><span class=\"aps-1co\" style=\"padding: 7px 10px; margin: 0px; list-style: none; border: none; outline: none; line-height: 1.5; float: left; min-height: 34px; display: inline-block; width: 651.4px;\">4323 mAh (16.68 Wh) battery</span></div></li><li style=\"padding: 0px; margin: 0px; list-style: none; border: 0px; outline: none; line-height: 1.5; float: left; width: 651.4px; background: rgb(255, 255, 255);\"><div class=\"aps-attr-title\" style=\"padding: 0px; margin: 0px; list-style: none; border-width: 1px 1px 0px 0px; border-top-style: solid; border-right-style: solid; border-bottom-style: initial; border-left-style: initial; border-top-color: rgb(241, 242, 243); border-right-color: rgb(241, 242, 243); border-bottom-color: initial; border-left-color: initial; border-image: initial; outline: none; line-height: 1.5; width: 160px; background: rgb(247, 248, 249); position: absolute; left: 0px; top: auto; z-index: 81;\"><span class=\"aps-term\" style=\"padding: 7px 10px; margin: 0px; list-style: none; border: 0px; outline: none; font-weight: 600; line-height: 1.5; display: block;\">Charging Time</span></div><div class=\"aps-attr-value\" style=\"padding: 0px; margin: 0px; list-style: none; border-width: 1px 0px 0px; border-top-style: solid; border-right-style: initial; border-bottom-style: initial; border-left-style: initial; border-top-color: rgb(241, 242, 243); border-right-color: initial; border-bottom-color: initial; border-left-color: initial; border-image: initial; outline: none; line-height: 20px; display: flex;\"><span class=\"aps-1co\" style=\"padding: 7px 10px; margin: 0px; list-style: none; border: none; outline: none; line-height: 1.5; float: left; min-height: 34px; display: inline-block; width: 651.4px;\">Up to 1:10 hours with Fast Charging<br style=\"padding: 0px; margin: 0px; list-style: none; border: 0px; outline: none; line-height: 1.5;\">- Fast charging, 50% in 30 min (advertised)<br style=\"padding: 0px; margin: 0px; list-style: none; border: 0px; outline: none; line-height: 1.5;\">- USB Power Delivery 2.0<br style=\"padding: 0px; margin: 0px; list-style: none; border: 0px; outline: none; line-height: 1.5;\">- MagSafe wireless charging 15W<br style=\"padding: 0px; margin: 0px; list-style: none; border: 0px; outline: none; line-height: 1.5;\">- Qi magnetic fast wireless charging 7.5W</span></div></li><li style=\"padding: 0px; margin: 0px; list-style: none; border: 0px; outline: none; line-height: 1.5; float: left; width: 651.4px; background: rgb(255, 255, 255);\"><div class=\"aps-attr-title\" style=\"padding: 0px; margin: 0px; list-style: none; border-width: 1px 1px 0px 0px; border-top-style: solid; border-right-style: solid; border-bottom-style: initial; border-left-style: initial; border-top-color: rgb(241, 242, 243); border-right-color: rgb(241, 242, 243); border-bottom-color: initial; border-left-color: initial; border-image: initial; outline: none; line-height: 1.5; width: 160px; background: rgb(247, 248, 249); position: absolute; left: 0px; top: auto; z-index: 81;\"><span class=\"aps-term aps-tooltip\" style=\"padding: 7px 10px; margin: 0px; list-style: none; border: 0px; outline: none; font-weight: 600; line-height: 1.5; cursor: help; display: block;\">Standby Time</span></div><div class=\"aps-attr-value\" style=\"padding: 0px; margin: 0px; list-style: none; border-width: 1px 0px 0px; border-top-style: solid; border-right-style: initial; border-bottom-style: initial; border-left-style: initial; border-top-color: rgb(241, 242, 243); border-right-color: initial; border-bottom-color: initial; border-left-color: initial; border-image: initial; outline: none; line-height: 20px; display: flex;\"><span class=\"aps-1co\" style=\"padding: 7px 10px; margin: 0px; list-style: none; border: none; outline: none; line-height: 1.5; float: left; min-height: 34px; display: inline-block; width: 651.4px;\">Up to 121 hours</span></div></li><li style=\"padding: 0px; margin: 0px; list-style: none; border: 0px; outline: none; line-height: 1.5; float: left; width: 651.4px; background: rgb(255, 255, 255);\"><div class=\"aps-attr-title\" style=\"padding: 0px; margin: 0px; list-style: none; border-width: 1px 1px 0px 0px; border-top-style: solid; border-right-style: solid; border-bottom-style: initial; border-left-style: initial; border-top-color: rgb(241, 242, 243); border-right-color: rgb(241, 242, 243); border-bottom-color: initial; border-left-color: initial; border-image: initial; outline: none; line-height: 1.5; width: 160px; background: rgb(247, 248, 249); position: absolute; left: 0px; top: auto; z-index: 81;\"><span class=\"aps-term\" style=\"padding: 7px 10px; margin: 0px; list-style: none; border: 0px; outline: none; font-weight: 600; line-height: 1.5; display: block;\">Talk-Time</span></div><div class=\"aps-attr-value\" style=\"padding: 0px; margin: 0px; list-style: none; border-width: 1px 0px 0px; border-top-style: solid; border-right-style: initial; border-bottom-style: initial; border-left-style: initial; border-top-color: rgb(241, 242, 243); border-right-color: initial; border-bottom-color: initial; border-left-color: initial; border-image: initial; outline: none; line-height: 20px; display: flex;\"><span class=\"aps-1co\" style=\"padding: 7px 10px; margin: 0px; list-style: none; border: none; outline: none; line-height: 1.5; float: left; min-height: 34px; display: inline-block; width: 651.4px;\">Up to 27:23 hours</span></div></li><li style=\"padding: 0px; margin: 0px; list-style: none; border: 0px; outline: none; line-height: 1.5; float: left; width: 651.4px; background: rgb(255, 255, 255);\"><div class=\"aps-attr-title\" style=\"padding: 0px; margin: 0px; list-style: none; border-width: 1px 1px 0px 0px; border-top-style: solid; border-right-style: solid; border-bottom-style: initial; border-left-style: initial; border-top-color: rgb(241, 242, 243); border-right-color: rgb(241, 242, 243); border-bottom-color: initial; border-left-color: initial; border-image: initial; outline: none; line-height: 1.5; width: 160px; background: rgb(247, 248, 249); position: absolute; left: 0px; top: auto; z-index: 81;\"><span class=\"aps-term\" style=\"padding: 7px 10px; margin: 0px; list-style: none; border: 0px; outline: none; font-weight: 600; line-height: 1.5; display: block;\">Internet Browsing</span></div><div class=\"aps-attr-value\" style=\"padding: 0px; margin: 0px; list-style: none; border-width: 1px 0px 0px; border-top-style: solid; border-right-style: initial; border-bottom-style: initial; border-left-style: initial; border-top-color: rgb(241, 242, 243); border-right-color: initial; border-bottom-color: initial; border-left-color: initial; border-image: initial; outline: none; line-height: 20px; display: flex;\"><span class=\"aps-1co\" style=\"padding: 7px 10px; margin: 0px; list-style: none; border: none; outline: none; line-height: 1.5; float: left; min-height: 34px; display: inline-block; width: 651.4px;\">Up to 23:39 hours</span></div></li><li style=\"padding: 0px; margin: 0px; list-style: none; border: 0px; outline: none; line-height: 1.5; float: left; width: 651.4px; background: rgb(255, 255, 255);\"><div class=\"aps-attr-title\" style=\"padding: 0px; margin: 0px; list-style: none; border-width: 1px 1px 0px 0px; border-top-style: solid; border-right-style: solid; border-bottom-style: initial; border-left-style: initial; border-top-color: rgb(241, 242, 243); border-right-color: rgb(241, 242, 243); border-bottom-color: initial; border-left-color: initial; border-image: initial; outline: none; line-height: 1.5; width: 160px; background: rgb(247, 248, 249); position: absolute; left: 0px; top: auto; z-index: 81;\"><span class=\"aps-term\" style=\"padding: 7px 10px; margin: 0px; list-style: none; border: 0px; outline: none; font-weight: 600; line-height: 1.5; display: block;\">Video Playback</span></div><div class=\"aps-attr-value\" style=\"padding: 0px; margin: 0px; list-style: none; border-width: 1px 0px 0px; border-top-style: solid; border-right-style: initial; border-bottom-style: initial; border-left-style: initial; border-top-color: rgb(241, 242, 243); border-right-color: initial; border-bottom-color: initial; border-left-color: initial; border-image: initial; outline: none; line-height: 20px; display: flex;\"><span class=\"aps-1co\" style=\"padding: 7px 10px; margin: 0px; list-style: none; border: none; outline: none; line-height: 1.5; float: left; min-height: 34px; display: inline-block; width: 651.4px;\">Up to 24:38 hours</span></div></li></ul></div></div></div><div class=\"aps-group\" style=\"padding: 0px; margin: 0px 0px 20px; list-style: none; border: 1px solid rgb(232, 233, 234); outline: none; line-height: 1.5; float: left; width: 813px; position: relative; background-image: initial; background-position: initial; background-size: initial; background-repeat: initial; background-attachment: initial; background-origin: initial; background-clip: initial; border-radius: 5px; color: rgb(114, 115, 116); font-family: -apple-system, BlinkMacSystemFont, &quot;Segoe UI&quot;, Roboto, Oxygen, Oxygen-Sans, Ubuntu, Cantarell, &quot;Helvetica Neue&quot;, &quot;Open Sans&quot;, Arial, sans-serif; font-size: 13px;\"><h3 class=\"aps-group-title\" style=\"padding: 2px 10px; margin-bottom: 10px; list-style: none; border: 0px; outline: none; line-height: 1.5; font-size: 20px; color: rgb(255, 255, 255); font-family: Poppins; margin-right: 0px !important; margin-left: 0px !important; background: rgb(59, 89, 152) !important;\">More<span class=\"alignright aps-icon-gift\" style=\"padding: 0px; margin: 0px; list-style: none; border: 0px; outline: none; line-height: 1.5; float: right; color: rgb(134, 135, 136);\"></span></h3><div class=\"aps-specs-table\" style=\"padding: 0px; margin: 0px; list-style: none; border: 0px; outline: none; line-height: 1.5; float: left; width: 811.4px; position: relative; background: rgb(247, 248, 249);\"><div class=\"aps-specs-scroller\" style=\"padding: 0px; margin: 0px 0px 0px 160px; list-style: none; border: 0px; outline: none; line-height: 1.5; overflow-y: hidden;\"><ul class=\"aps-specs-list\" style=\"padding: 0px; margin-right: 0px; margin-bottom: 0px; margin-left: 0px; list-style: none; border: 0px; outline: none; line-height: 1.5; float: left; width: 651.4px;\"><li style=\"padding: 0px; margin: 0px; list-style: none; border: 0px; outline: none; line-height: 1.5; float: left; width: 651.4px; background: rgb(255, 255, 255);\"><div class=\"aps-attr-title\" style=\"padding: 0px; margin: 0px; list-style: none; border-width: 1px 1px 0px 0px; border-top-style: solid; border-right-style: solid; border-bottom-style: initial; border-left-style: initial; border-top-color: rgb(241, 242, 243); border-right-color: rgb(241, 242, 243); border-bottom-color: initial; border-left-color: initial; border-image: initial; outline: none; line-height: 1.5; width: 160px; background: rgb(247, 248, 249); position: absolute; left: 0px; top: auto; z-index: 81;\"><span class=\"aps-term\" style=\"padding: 7px 10px; margin: 0px; list-style: none; border: 0px; outline: none; font-weight: 600; line-height: 1.5; display: block;\">Extra Features</span></div><div class=\"aps-attr-value\" style=\"padding: 0px; margin: 0px; list-style: none; border-width: 1px 0px 0px; border-top-style: solid; border-right-style: initial; border-bottom-style: initial; border-left-style: initial; border-top-color: rgb(241, 242, 243); border-right-color: initial; border-bottom-color: initial; border-left-color: initial; border-image: initial; outline: none; line-height: 20px; display: flex;\"><span class=\"aps-1co\" style=\"padding: 7px 10px; margin: 0px; list-style: none; border: none; outline: none; line-height: 1.5; float: left; min-height: 34px; display: inline-block; width: 651.4px;\">- iCloud cloud service<br style=\"padding: 0px; margin: 0px; list-style: none; border: 0px; outline: none; line-height: 1.5;\">- MP3/WAV/AAX+/AIFF/Apple Lossless player<br style=\"padding: 0px; margin: 0px; list-style: none; border: 0px; outline: none; line-height: 1.5;\">- MP4/H.264 player<br style=\"padding: 0px; margin: 0px; list-style: none; border: 0px; outline: none; line-height: 1.5;\">- Audio/video/photo editor<br style=\"padding: 0px; margin: 0px; list-style: none; border: 0px; outline: none; line-height: 1.5;\">- Document editor</span></div></li><li style=\"padding: 0px; margin: 0px; list-style: none; border: 0px; outline: none; line-height: 1.5; float: left; width: 651.4px; background: rgb(255, 255, 230);\"><div class=\"aps-attr-title\" style=\"padding: 0px; margin: 0px; list-style: none; border-width: 1px 1px 0px 0px; border-top-style: solid; border-right-style: solid; border-bottom-style: initial; border-left-style: initial; border-top-color: rgb(241, 242, 243); border-right-color: rgb(241, 242, 243); border-bottom-color: initial; border-left-color: initial; border-image: initial; outline: none; line-height: 1.5; width: 160px; background-image: initial; background-position: initial; background-size: initial; background-repeat: initial; background-attachment: initial; background-origin: initial; background-clip: initial; position: absolute; left: 0px; top: auto; z-index: 81;\"><span class=\"aps-term\" style=\"padding: 7px 10px; margin: 0px; list-style: none; border: 0px; outline: none; font-weight: 600; line-height: 1.5; display: block;\">More</span></div><div class=\"aps-attr-value\" style=\"padding: 0px; margin: 0px; list-style: none; border-width: 1px 0px 0px; border-top-style: solid; border-right-style: initial; border-bottom-style: initial; border-left-style: initial; border-top-color: rgb(241, 242, 243); border-right-color: initial; border-bottom-color: initial; border-left-color: initial; border-image: initial; outline: none; line-height: 20px; display: flex;\"><span class=\"aps-1co\" style=\"padding: 7px 10px; margin: 0px; list-style: none; border: none; outline: none; line-height: 1.5; float: left; min-height: 34px; display: inline-block; width: 651.4px;\">- IP68 dust/water resistant (up to 6m for 30 mins)<br style=\"padding: 0px; margin: 0px; list-style: none; border: 0px; outline: none; line-height: 1.5;\">- Apple Pay (Visa, MasterCard, AMEX certified)<br style=\"padding: 0px; margin: 0px; list-style: none; border: 0px; outline: none; line-height: 1.5;\">- Emergency SOS via satellite (SMS sending/receiving)<br style=\"padding: 0px; margin: 0px; list-style: none; border: 0px; outline: none; line-height: 1.5;\">- Crash Detection</span></div></li></ul></div></div></div>', '<table style=\"padding: 0px; margin: 0px; list-style: none; border: 0px; outline: none; border-spacing: 0px; width: 813px; line-height: 1.5; color: rgb(114, 115, 116); font-family: -apple-system, BlinkMacSystemFont, &quot;Segoe UI&quot;, Roboto, Oxygen, Oxygen-Sans, Ubuntu, Cantarell, &quot;Helvetica Neue&quot;, &quot;Open Sans&quot;, Arial, sans-serif; font-size: 13px;\"><tbody style=\"padding: 0px; margin: 0px; list-style: none; border: 0px; outline: none; line-height: 1.5;\"><tr style=\"padding: 0px; margin: 0px; list-style: none; border: 0px; outline: none; line-height: 1.5;\"><td style=\"padding: 0.5em; margin: 0px; list-style: none; border: 1px solid; outline: none; line-height: 1.5; word-break: normal;\"><span style=\"padding: 0px; margin: 0px; list-style: none; border: 0px; outline: none; font-weight: 600; line-height: 1.5;\">Model:</span></td><td style=\"padding: 0.5em; margin: 0px; list-style: none; border: 1px solid; outline: none; line-height: 1.5; word-break: normal;\">Apple iPhone 14 Pro Max</td></tr><tr style=\"padding: 0px; margin: 0px; list-style: none; border: 0px; outline: none; line-height: 1.5; background: rgba(0, 0, 0, 0.03);\"><td style=\"padding: 0.5em; margin: 0px; list-style: none; border: 1px solid; outline: none; line-height: 1.5; word-break: normal;\"><span style=\"padding: 0px; margin: 0px; list-style: none; border: 0px; outline: none; font-weight: 600; line-height: 1.5;\">Price in Bangladesh:</span></td><td style=\"padding: 0.5em; margin: 0px; list-style: none; border: 1px solid; outline: none; line-height: 1.5; word-break: normal;\">2,01,599 Taka</td></tr><tr style=\"padding: 0px; margin: 0px; list-style: none; border: 0px; outline: none; line-height: 1.5;\"><td style=\"padding: 0.5em; margin: 0px; list-style: none; border: 1px solid; outline: none; line-height: 1.5; word-break: normal;\"><span style=\"padding: 0px; margin: 0px; list-style: none; border: 0px; outline: none; font-weight: 600; line-height: 1.5;\">Colors:</span></td><td style=\"padding: 0.5em; margin: 0px; list-style: none; border: 1px solid; outline: none; line-height: 1.5; word-break: normal;\">Space Black, Silver, Gold &amp; Deep Purple</td></tr><tr style=\"padding: 0px; margin: 0px; list-style: none; border: 0px; outline: none; line-height: 1.5; background: rgba(0, 0, 0, 0.03);\"><td style=\"padding: 0.5em; margin: 0px; list-style: none; border: 1px solid; outline: none; line-height: 1.5; word-break: normal;\"><span style=\"padding: 0px; margin: 0px; list-style: none; border: 0px; outline: none; font-weight: 600; line-height: 1.5;\">Display:</span></td><td style=\"padding: 0.5em; margin: 0px; list-style: none; border: 1px solid; outline: none; line-height: 1.5; word-break: normal;\">6.7 LTPO Super Retina XDR OLED (1290 x 2796 pixels)</td></tr><tr style=\"padding: 0px; margin: 0px; list-style: none; border: 0px; outline: none; line-height: 1.5;\"><td style=\"padding: 0.5em; margin: 0px; list-style: none; border: 1px solid; outline: none; line-height: 1.5; word-break: normal;\"><span style=\"padding: 0px; margin: 0px; list-style: none; border: 0px; outline: none; font-weight: 600; line-height: 1.5;\">Camera:</span></td><td style=\"padding: 0.5em; margin: 0px; list-style: none; border: 1px solid; outline: none; line-height: 1.5; word-break: normal;\">Back: 48MP+12MP+12MP+TOF 3D and Front: 12MP+SL 3D</td></tr><tr style=\"padding: 0px; margin: 0px; list-style: none; border: 0px; outline: none; line-height: 1.5; background: rgba(0, 0, 0, 0.03);\"><td style=\"padding: 0.5em; margin: 0px; list-style: none; border: 1px solid; outline: none; line-height: 1.5; word-break: normal;\"><span style=\"padding: 0px; margin: 0px; list-style: none; border: 0px; outline: none; font-weight: 600; line-height: 1.5;\">Variant:</span></td><td style=\"padding: 0.5em; margin: 0px; list-style: none; border: 1px solid; outline: none; line-height: 1.5; word-break: normal;\">6GB/128GB, 6GB/256GB, 6GB/512GB &amp; 6GB/1TB</td></tr><tr style=\"padding: 0px; margin: 0px; list-style: none; border: 0px; outline: none; line-height: 1.5;\"><td style=\"padding: 0.5em; margin: 0px; list-style: none; border: 1px solid; outline: none; line-height: 1.5; word-break: normal;\"><span style=\"padding: 0px; margin: 0px; list-style: none; border: 0px; outline: none; font-weight: 600; line-height: 1.5;\">Processor:</span></td><td style=\"padding: 0.5em; margin: 0px; list-style: none; border: 1px solid; outline: none; line-height: 1.5; word-break: normal;\">Hexa-core 3.46 GHz Avalanche</td></tr><tr style=\"padding: 0px; margin: 0px; list-style: none; border: 0px; outline: none; line-height: 1.5; background: rgba(0, 0, 0, 0.03);\"><td style=\"padding: 0.5em; margin: 0px; list-style: none; border: 1px solid; outline: none; line-height: 1.5; word-break: normal;\"><span style=\"padding: 0px; margin: 0px; list-style: none; border: 0px; outline: none; font-weight: 600; line-height: 1.5;\">Battery:</span></td><td style=\"padding: 0.5em; margin: 0px; list-style: none; border: 1px solid; outline: none; line-height: 1.5; word-break: normal;\">Li-Ion 4323 mAh</td></tr></tbody></table>', 'apple-iphone-14-pro-max-4141932.jpg', 'AP-13346', 'apple-iphone-14-pro-max-4141932', '2023-02-03 18:16:13', '2023-02-03 18:16:13');
INSERT INTO `products` (`id`, `product_name`, `price`, `discount`, `after_discount`, `category_id`, `subcategory_id`, `brand`, `short_desp`, `long_desp`, `additional_info`, `preview`, `sku`, `slug`, `created_at`, `updated_at`) VALUES
(12, 'Sony Bravia Smart LED Android TV', 75000.00, 10.00, 67500.00, 1, 1, 3, 'Screen Size 65\" (139 cm)Display Type LCD', '<div class=\"section-head\" style=\"margin: 0px; padding: 0px 0px 20px; font-family: &quot;Trebuchet MS&quot;, sans-serif; font-size: 15px;\"><h2 style=\"margin-right: 0px; margin-bottom: 5px; margin-left: 0px; padding: 0px; font-size: 20px; line-height: 26px;\">Specification</h2></div><table class=\"data-table flex-table\" cellpadding=\"0\" cellspacing=\"0\" style=\"margin: -20px 0px 0px; padding: 0px; display: flex; flex-direction: column; width: 920px; font-family: &quot;Trebuchet MS&quot;, sans-serif; font-size: 15px;\"><colgroup style=\"margin: 0px; padding: 0px;\"><col class=\"name\" style=\"margin: 0px; padding: 0px;\"><col class=\"value\" style=\"margin: 0px; padding: 0px;\"></colgroup><thead style=\"margin: 0px; padding: 0px;\"><tr style=\"margin: 0px; padding: 0px; display: flex;\"><td class=\"heading-row\" colspan=\"3\" style=\"margin: 20px 0px 0px; padding: 6px 20px; flex: 1 1 auto; display: flex; background: rgba(55, 73, 187, 0.05); color: rgb(55, 73, 187); font-size: 16px; line-height: 30px; font-weight: bold; border-radius: 5px;\">Main Features</td></tr></thead><tbody style=\"margin: 0px; padding: 0px;\"><tr style=\"margin: 0px; padding: 0px; display: flex;\"><td class=\"name\" style=\"margin: 0px; padding: 10px 20px; flex: 0 0 250px; display: flex; line-height: 22px; border-bottom: 1px solid rgb(236, 237, 239); color: rgb(102, 102, 102);\">Display Type</td><td class=\"value\" style=\"margin: 0px; padding: 10px 20px; flex: 1 1 auto; display: flex; line-height: 22px; border-bottom: 1px solid rgb(236, 237, 239);\">LCD</td></tr><tr style=\"margin: 0px; padding: 0px; display: flex;\"><td class=\"name\" style=\"margin: 0px; padding: 10px 20px; flex: 0 0 250px; display: flex; line-height: 22px; border-bottom: 1px solid rgb(236, 237, 239); color: rgb(102, 102, 102);\">Screen Size</td><td class=\"value\" style=\"margin: 0px; padding: 10px 20px; flex: 1 1 auto; display: flex; line-height: 22px; border-bottom: 1px solid rgb(236, 237, 239);\">55\" (139 cm)</td></tr><tr style=\"margin: 0px; padding: 0px; display: flex;\"><td class=\"name\" style=\"margin: 0px; padding: 10px 20px; flex: 0 0 250px; display: flex; line-height: 22px; border-bottom: 1px solid rgb(236, 237, 239); color: rgb(102, 102, 102);\">Resolution</td><td class=\"value\" style=\"margin: 0px; padding: 10px 20px; flex: 1 1 auto; display: flex; line-height: 22px; border-bottom: 1px solid rgb(236, 237, 239);\">3840 x 2160 (4K Ultra HD)</td></tr><tr style=\"margin: 0px; padding: 0px; display: flex;\"><td class=\"name\" style=\"margin: 0px; padding: 10px 20px; flex: 0 0 250px; display: flex; line-height: 22px; border-bottom: 1px solid rgb(236, 237, 239); color: rgb(102, 102, 102);\">Processor</td><td class=\"value\" style=\"margin: 0px; padding: 10px 20px; flex: 1 1 auto; display: flex; line-height: 22px; border-bottom: 1px solid rgb(236, 237, 239);\">4K HDR Processor X1</td></tr><tr style=\"margin: 0px; padding: 0px; display: flex;\"><td class=\"name\" style=\"margin: 0px; padding: 10px 20px; flex: 0 0 250px; display: flex; line-height: 22px; border-bottom: 1px solid rgb(236, 237, 239); color: rgb(102, 102, 102);\">Storage</td><td class=\"value\" style=\"margin: 0px; padding: 10px 20px; flex: 1 1 auto; display: flex; line-height: 22px; border-bottom: 1px solid rgb(236, 237, 239);\">16 GB</td></tr><tr style=\"margin: 0px; padding: 0px; display: flex;\"><td class=\"name\" style=\"margin: 0px; padding: 10px 20px; flex: 0 0 250px; display: flex; line-height: 22px; border-bottom: 1px solid rgb(236, 237, 239); color: rgb(102, 102, 102);\">Operating System</td><td class=\"value\" style=\"margin: 0px; padding: 10px 20px; flex: 1 1 auto; display: flex; line-height: 22px; border-bottom: 1px solid rgb(236, 237, 239);\">Android TV</td></tr></tbody><thead style=\"margin: 0px; padding: 0px;\"><tr style=\"margin: 0px; padding: 0px; display: flex;\"><td class=\"heading-row\" colspan=\"3\" style=\"margin: 20px 0px 0px; padding: 6px 20px; flex: 1 1 auto; display: flex; background: rgba(55, 73, 187, 0.05); color: rgb(55, 73, 187); font-size: 16px; line-height: 30px; font-weight: bold; border-radius: 5px;\">Connectivity</td></tr></thead><tbody style=\"margin: 0px; padding: 0px;\"><tr style=\"margin: 0px; padding: 0px; display: flex;\"><td class=\"name\" style=\"margin: 0px; padding: 10px 20px; flex: 0 0 250px; display: flex; line-height: 22px; border-bottom: 1px solid rgb(236, 237, 239); color: rgb(102, 102, 102);\">USB</td><td class=\"value\" style=\"margin: 0px; padding: 10px 20px; flex: 1 1 auto; display: flex; line-height: 22px; border-bottom: 1px solid rgb(236, 237, 239);\">2 x USB (Version Unspecified) (Audio, Photo, Video) (Side)</td></tr><tr style=\"margin: 0px; padding: 0px; display: flex;\"><td class=\"name\" style=\"margin: 0px; padding: 10px 20px; flex: 0 0 250px; display: flex; line-height: 22px; border-bottom: 1px solid rgb(236, 237, 239); color: rgb(102, 102, 102);\">HDMI</td><td class=\"value\" style=\"margin: 0px; padding: 10px 20px; flex: 1 1 auto; display: flex; line-height: 22px; border-bottom: 1px solid rgb(236, 237, 239);\">4 x HDMI Type A (Side)</td></tr><tr style=\"margin: 0px; padding: 0px; display: flex;\"><td class=\"name\" style=\"margin: 0px; padding: 10px 20px; flex: 0 0 250px; display: flex; line-height: 22px; border-bottom: 1px solid rgb(236, 237, 239); color: rgb(102, 102, 102);\">Bluetooth</td><td class=\"value\" style=\"margin: 0px; padding: 10px 20px; flex: 1 1 auto; display: flex; line-height: 22px; border-bottom: 1px solid rgb(236, 237, 239);\">Bluetooth version 4.2</td></tr><tr style=\"margin: 0px; padding: 0px; display: flex;\"><td class=\"name\" style=\"margin: 0px; padding: 10px 20px; flex: 0 0 250px; display: flex; line-height: 22px; border-bottom: 1px solid rgb(236, 237, 239); color: rgb(102, 102, 102);\">Wi-Fi</td><td class=\"value\" style=\"margin: 0px; padding: 10px 20px; flex: 1 1 auto; display: flex; line-height: 22px; border-bottom: 1px solid rgb(236, 237, 239);\">Wi-Fi Certified 802.11a/b/g/n/ac</td></tr></tbody><thead style=\"margin: 0px; padding: 0px;\"><tr style=\"margin: 0px; padding: 0px; display: flex;\"><td class=\"heading-row\" colspan=\"3\" style=\"margin: 20px 0px 0px; padding: 6px 20px; flex: 1 1 auto; display: flex; background: rgba(55, 73, 187, 0.05); color: rgb(55, 73, 187); font-size: 16px; line-height: 30px; font-weight: bold; border-radius: 5px;\">Audio</td></tr></thead><tbody style=\"margin: 0px; padding: 0px;\"><tr style=\"margin: 0px; padding: 0px; display: flex;\"><td class=\"name\" style=\"margin: 0px; padding: 10px 20px; flex: 0 0 250px; display: flex; line-height: 22px; border-bottom: 1px solid rgb(236, 237, 239); color: rgb(102, 102, 102);\">Audio Output</td><td class=\"value\" style=\"margin: 0px; padding: 10px 20px; flex: 1 1 auto; display: flex; line-height: 22px; border-bottom: 1px solid rgb(236, 237, 239);\">DIGITAL AUDIO OUTPUT(S) x 1 (Side)</td></tr><tr style=\"margin: 0px; padding: 0px; display: flex;\"><td class=\"name\" style=\"margin: 0px; padding: 10px 20px; flex: 0 0 250px; display: flex; line-height: 22px; border-bottom: 1px solid rgb(236, 237, 239); color: rgb(102, 102, 102);\">Speaker System</td><td class=\"value\" style=\"margin: 0px; padding: 10px 20px; flex: 1 1 auto; display: flex; line-height: 22px; border-bottom: 1px solid rgb(236, 237, 239);\">Full Range (Bass Reflex) x 2<br style=\"margin: 0px; padding: 0px;\">Bass Reflex Speaker X-Balanced Speaker</td></tr></tbody><thead style=\"margin: 0px; padding: 0px;\"><tr style=\"margin: 0px; padding: 0px; display: flex;\"><td class=\"heading-row\" colspan=\"3\" style=\"margin: 20px 0px 0px; padding: 6px 20px; flex: 1 1 auto; display: flex; background: rgba(55, 73, 187, 0.05); color: rgb(55, 73, 187); font-size: 16px; line-height: 30px; font-weight: bold; border-radius: 5px;\">Power</td></tr></thead><tbody style=\"margin: 0px; padding: 0px;\"><tr style=\"margin: 0px; padding: 0px; display: flex;\"><td class=\"name\" style=\"margin: 0px; padding: 10px 20px; flex: 0 0 250px; display: flex; line-height: 22px; border-bottom: 1px solid rgb(236, 237, 239); color: rgb(102, 102, 102);\">Remote Control</td><td class=\"value\" style=\"margin: 0px; padding: 10px 20px; flex: 1 1 auto; display: flex; line-height: 22px; border-bottom: 1px solid rgb(236, 237, 239);\">Standard Remote (Voice Remote Control)</td></tr><tr style=\"margin: 0px; padding: 0px; display: flex;\"><td class=\"name\" style=\"margin: 0px; padding: 10px 20px; flex: 0 0 250px; display: flex; line-height: 22px; border-bottom: 1px solid rgb(236, 237, 239); color: rgb(102, 102, 102);\">Standby Power Consumption</td><td class=\"value\" style=\"margin: 0px; padding: 10px 20px; flex: 1 1 auto; display: flex; line-height: 22px; border-bottom: 1px solid rgb(236, 237, 239);\">0.5 W</td></tr></tbody><thead style=\"margin: 0px; padding: 0px;\"><tr style=\"margin: 0px; padding: 0px; display: flex;\"><td class=\"heading-row\" colspan=\"3\" style=\"margin: 20px 0px 0px; padding: 6px 20px; flex: 1 1 auto; display: flex; background: rgba(55, 73, 187, 0.05); color: rgb(55, 73, 187); font-size: 16px; line-height: 30px; font-weight: bold; border-radius: 5px;\">Physical Specification</td></tr></thead><tbody style=\"margin: 0px; padding: 0px;\"><tr style=\"margin: 0px; padding: 0px; display: flex;\"><td class=\"name\" style=\"margin: 0px; padding: 10px 20px; flex: 0 0 250px; display: flex; line-height: 22px; border-bottom: 1px solid rgb(236, 237, 239); color: rgb(102, 102, 102);\">Dimension (L x W x H)</td><td class=\"value\" style=\"margin: 0px; padding: 10px 20px; flex: 1 1 auto; display: flex; line-height: 22px; border-bottom: 1px solid rgb(236, 237, 239);\">DIMENSION OF TV WITHOUT STAND (W X H X D): 49 x 28-3/8 x 2-7/8 inch (1,243 x 719 x 71 mm)<br style=\"margin: 0px; padding: 0px;\"><br style=\"margin: 0px; padding: 0px;\">DIMENSION OF TV WITH STAND (STANDARD POSITION) (W X H X D): 49 x 31 x 13-3/8 inch (1,243 x 787 x 338 mm)</td></tr><tr style=\"margin: 0px; padding: 0px; display: flex; background: rgb(250, 251, 252);\"><td class=\"name\" style=\"margin: 0px; padding: 10px 20px; flex: 0 0 250px; display: flex; line-height: 22px; border-bottom: 1px solid rgb(236, 237, 239); color: rgb(102, 102, 102);\">Weight</td><td class=\"value\" style=\"margin: 0px; padding: 10px 20px; flex: 1 1 auto; display: flex; line-height: 22px; border-bottom: 1px solid rgb(236, 237, 239);\">WEIGHT OF PACKAGE CARTON (GROSS): 50.7 lb (23 kg)<br style=\"margin: 0px; padding: 0px;\"><br style=\"margin: 0px; padding: 0px;\">WEIGHT OF TV WITHOUT STAND: 34.6 lb (15.7 kg)</td></tr></tbody><thead style=\"margin: 0px; padding: 0px;\"><tr style=\"margin: 0px; padding: 0px; display: flex;\"><td class=\"heading-row\" colspan=\"3\" style=\"margin: 20px 0px 0px; padding: 6px 20px; flex: 1 1 auto; display: flex; background: rgba(55, 73, 187, 0.05); color: rgb(55, 73, 187); font-size: 16px; line-height: 30px; font-weight: bold; border-radius: 5px;\">Manufacture Warranty</td></tr></thead><tbody style=\"margin: 0px; padding: 0px;\"><tr style=\"margin: 0px; padding: 0px; display: flex;\"><td class=\"name\" style=\"margin: 0px; padding: 10px 20px; flex: 0 0 250px; display: flex; line-height: 22px; border-bottom: 1px solid rgb(236, 237, 239); color: rgb(102, 102, 102);\">Warranty</td><td class=\"value\" style=\"margin: 0px; padding: 10px 20px; flex: 1 1 auto; display: flex; line-height: 22px; border-bottom: 1px solid rgb(236, 237, 239);\">No Parts Warranty</td></tr></tbody></table>', '<h2 style=\"margin: 16px 0px; padding: 0px; font-weight: normal; font-size: 18px; line-height: 26px; font-family: &quot;Trebuchet MS&quot;, sans-serif;\">Key Features</h2><ul style=\"margin-right: 0px; margin-bottom: 0px; margin-left: 0px; padding: 0px; font-family: &quot;Trebuchet MS&quot;, sans-serif; font-size: 15px;\"><li style=\"margin: 0px; padding: 0px 0px 10px; display: block; line-height: 20px;\">Model: Bravia KD-55X80J</li><li style=\"margin: 0px; padding: 0px 0px 10px; display: block; line-height: 20px;\">Display: 55\" 4K UHD (3840 x 2160)</li><li style=\"margin: 0px; padding: 0px 0px 10px; display: block; line-height: 20px;\">Google Assistant with Alexa Compatibility</li><li style=\"margin: 0px; padding: 0px 0px 10px; display: block; line-height: 20px;\">Built-In Wi-Fi &amp; Ethernet Connectivity</li><li style=\"margin: 0px; padding: 0px 0px 10px; display: block; line-height: 20px;\">Motionflow XR 240 Technology</li></ul>', 'sony-bravia-smart-led-android-tv-8909831.jpg', 'SO-18545', 'sony-bravia-smart-led-android-tv-8909831', '2023-02-03 18:49:11', '2023-02-03 18:49:11'),
(13, 'Nicke Men Jersey', 1550.00, 5.00, 1472.50, 7, 7, 9, 'adidas Men\'s Tiro 21 Training Jersey', '<p><span style=\"color: rgb(51, 51, 51); font-family: &quot;Amazon Ember&quot;, Arial, sans-serif; font-size: small;\">Put in the hours to be a difference maker on the field. This men\'s soccer jersey is made with absorbing fabric to keep you dry as you improve your skills. The adidas Badge of Sport shows your quality.</span><br style=\"color: rgb(51, 51, 51); font-family: &quot;Amazon Ember&quot;, Arial, sans-serif; font-size: small;\"><span style=\"color: rgb(51, 51, 51); font-family: &quot;Amazon Ember&quot;, Arial, sans-serif; font-size: small;\">Setzen Sie die Stunden ein, um ein Unterschied zu sein. Dieses Herren-Fuballtrikot besteht aus feuchtigkeitsabsorbierendem Stoff, um Sie trocken zu halten, whrend Sie Ihre Fhigkeiten verbessern. Das Adidas Badge of Sport zeigt Ihre Qualitt.</span></p><ul class=\"a-unordered-list a-vertical a-spacing-mini\" style=\"margin-right: 0px; margin-bottom: 0px; margin-left: 18px; color: rgb(15, 17, 17); padding: 0px; font-family: &quot;Amazon Ember&quot;, Arial, sans-serif;\"><li style=\"list-style: disc; overflow-wrap: break-word; margin: 0px;\"><span class=\"a-list-item\" style=\"overflow-wrap: break-word; display: block;\">100% Polyester</span></li><li style=\"list-style: disc; overflow-wrap: break-word; margin: 0px;\"><span class=\"a-list-item\" style=\"overflow-wrap: break-word; display: block;\">Imported</span></li><li style=\"list-style: disc; overflow-wrap: break-word; margin: 0px;\"><span class=\"a-list-item\" style=\"overflow-wrap: break-word; display: block;\">Pull On closure</span></li><li style=\"list-style: disc; overflow-wrap: break-word; margin: 0px;\"><span class=\"a-list-item\" style=\"overflow-wrap: break-word; display: block;\">Machine Wash</span></li><li style=\"list-style: disc; overflow-wrap: break-word; margin: 0px;\"><span class=\"a-list-item\" style=\"overflow-wrap: break-word; display: block;\">Breathable crewneck jersey made for soccer</span></li><li style=\"list-style: disc; overflow-wrap: break-word; margin: 0px;\"><span class=\"a-list-item\" style=\"overflow-wrap: break-word; display: block;\">Regular fit is wider at the body, with a straight silhouette</span></li><li style=\"list-style: disc; overflow-wrap: break-word; margin: 0px;\"><span class=\"a-list-item\" style=\"overflow-wrap: break-word; display: block;\">Crewneck provides full coverage</span></li><li style=\"list-style: disc; overflow-wrap: break-word; margin: 0px;\"><span class=\"a-list-item\" style=\"overflow-wrap: break-word; display: block;\">This product is made with recycled content as part of our ambition to end plastic waste</span></li></ul><p><br style=\"color: rgb(51, 51, 51); font-family: &quot;Amazon Ember&quot;, Arial, sans-serif; font-size: small;\"></p>', '<div id=\"detailBullets_feature_div\" style=\"color: rgb(15, 17, 17); font-family: &quot;Amazon Ember&quot;, Arial, sans-serif;\"><ul class=\"a-unordered-list a-nostyle a-vertical a-spacing-none detail-bullet-list\" style=\"margin-right: 0px; margin-bottom: 1px; margin-left: 18px; padding: 0px;\"><li style=\"list-style: none; overflow-wrap: break-word; margin: 0px 0px 5.5px;\"><span class=\"a-list-item\"><span class=\"a-text-bold\" style=\"font-weight: 700 !important;\">Is Discontinued By Manufacturer  : &nbsp;</span>No</span></li><li style=\"list-style: none; overflow-wrap: break-word; margin: 0px 0px 5.5px;\"><span class=\"a-list-item\"><span class=\"a-text-bold\" style=\"font-weight: 700 !important;\">Product Dimensions  : &nbsp;</span>14 x 8.4 x 3.1 inches; 4.96 Ounces</span></li><li style=\"list-style: none; overflow-wrap: break-word; margin: 0px 0px 5.5px;\"><span class=\"a-list-item\"><span class=\"a-text-bold\" style=\"font-weight: 700 !important;\">Item model number  : &nbsp;</span>EEE63</span></li><li style=\"list-style: none; overflow-wrap: break-word; margin: 0px 0px 5.5px;\"><span class=\"a-list-item\"><span class=\"a-text-bold\" style=\"font-weight: 700 !important;\">Department  : &nbsp;</span>Mens</span></li><li style=\"list-style: none; overflow-wrap: break-word; margin: 0px 0px 5.5px;\"><span class=\"a-list-item\"><span class=\"a-text-bold\" style=\"font-weight: 700 !important;\">Date First Available  : &nbsp;</span>June 1, 2021</span></li><li style=\"list-style: none; overflow-wrap: break-word; margin: 0px 0px 5.5px;\"><span class=\"a-list-item\"><span class=\"a-text-bold\" style=\"font-weight: 700 !important;\">Manufacturer  : &nbsp;</span>adidas</span></li><li style=\"list-style: none; overflow-wrap: break-word; margin: 0px 0px 5.5px;\"><span class=\"a-list-item\"><span class=\"a-text-bold\" style=\"font-weight: 700 !important;\">ASIN  : &nbsp;</span>B071XG8J86</span></li></ul></div><ul class=\"a-unordered-list a-nostyle a-vertical a-spacing-none detail-bullet-list\" style=\"margin-right: 0px; margin-bottom: 1px; margin-left: 18px; color: rgb(15, 17, 17); padding: 0px; font-family: &quot;Amazon Ember&quot;, Arial, sans-serif;\"><li style=\"list-style: none; overflow-wrap: break-word; margin: 0px 0px 5.5px;\"><span class=\"a-list-item\"><span class=\"a-text-bold\" style=\"font-weight: 700 !important;\">Best Sellers Rank:&nbsp;</span>#922 in Sports &amp; Outdoors (<a href=\"https://www.amazon.com/gp/bestsellers/sporting-goods/ref=pd_zg_ts_sporting-goods\" style=\"color: rgb(0, 113, 133);\">See Top 100 in Sports &amp; Outdoors</a>)<ul class=\"a-unordered-list a-nostyle a-vertical zg_hrsr\" style=\"margin-right: 0px; margin-left: 14px; padding: 0px;\"><li style=\"list-style: none; overflow-wrap: break-word; margin: 0px 0px 5.5px;\"><span class=\"a-list-item\">#2 in&nbsp;<a href=\"https://www.amazon.com/gp/bestsellers/sporting-goods/3203999011/ref=pd_zg_hrsr_sporting-goods\" style=\"color: rgb(0, 113, 133);\">Sports Fan Jerseys</a></span></li></ul></span></li></ul>', 'nicke-men-jersey-9198028.jpg', 'NI-30621', 'nicke-men-jersey-9198028', '2023-02-04 05:17:15', '2023-02-04 05:17:16'),
(14, 'Titan Men Watch', 5500.00, 10.00, 4950.00, 3, 11, 4, 'TITAN Blue Dial Analog Watch', '<h2 style=\"margin-right: 0px; margin-bottom: 17px; margin-left: 0px; padding: 0px; font-size: 16px; line-height: 29px; font-family: Roboto, -apple-system, BlinkMacSystemFont, &quot;Helvetica Neue&quot;, Helvetica, sans-serif;\">About Titan Watch</h2><p><span style=\"font-family: Roboto, -apple-system, BlinkMacSystemFont, &quot;Helvetica Neue&quot;, Helvetica, sans-serif; font-size: 12px;\">The perfect gift for you or your loved one, this celestial-themed automatic watch features an effortless blend of beauty and elegance. Part of Titan\'s Stellar collection for men and women, the watch features a round textured dial in off-white with round indices. The bezel of this watch is intricately designed with crystals to depict the moon and stars, giving the watch a spectacular look. The strap has a beautiful shade and is secured with a deployment clasp. The leather and stainless steel straps with a scalloped pattern add a distinct touch to its design.</span><br></p>', '<h4 style=\"-webkit-tap-highlight-color: rgba(0, 0, 0, 0); margin: 10px 0px; font-family: Roboto, sans-serif; font-size: 16px;\">Product Description:</h4><ul style=\"-webkit-tap-highlight-color: rgba(0, 0, 0, 0); padding: 0px; margin-right: 0px; margin-bottom: 0px; margin-left: 24px; list-style-position: initial; list-style-image: initial; font-family: Roboto, sans-serif; font-size: 13px; letter-spacing: 0.007px;\"><li style=\"-webkit-tap-highlight-color: rgba(0, 0, 0, 0); margin: 0px; padding: 2px 0px; list-style-position: initial; list-style-image: initial; list-style-type: inherit; color: rgb(72, 72, 72) !important;\">Product Type:Watch</li><li style=\"-webkit-tap-highlight-color: rgba(0, 0, 0, 0); margin: 0px; padding: 2px 0px; list-style-position: initial; list-style-image: initial; list-style-type: inherit; color: rgb(72, 72, 72) !important;\">Water Resistant:Yes</li><li style=\"-webkit-tap-highlight-color: rgba(0, 0, 0, 0); margin: 0px; padding: 2px 0px; list-style-position: initial; list-style-image: initial; list-style-type: inherit; color: rgb(72, 72, 72) !important;\">Display Type:Analog</li><li style=\"-webkit-tap-highlight-color: rgba(0, 0, 0, 0); margin: 0px; padding: 2px 0px; list-style-position: initial; list-style-image: initial; list-style-type: inherit; color: rgb(72, 72, 72) !important;\">Style Code:1730SM03</li><li style=\"-webkit-tap-highlight-color: rgba(0, 0, 0, 0); margin: 0px; padding: 2px 0px; list-style-position: initial; list-style-image: initial; list-style-type: inherit; color: rgb(72, 72, 72) !important;\">Occasion:Casual</li><li style=\"-webkit-tap-highlight-color: rgba(0, 0, 0, 0); margin: 0px; padding: 2px 0px; list-style-position: initial; list-style-image: initial; list-style-type: inherit; color: rgb(72, 72, 72) !important;\">Watch Type:Wrist Watch</li><li style=\"-webkit-tap-highlight-color: rgba(0, 0, 0, 0); margin: 0px; padding: 2px 0px; list-style-position: initial; list-style-image: initial; list-style-type: inherit; color: rgb(72, 72, 72) !important;\">Calendar:No</li><li style=\"-webkit-tap-highlight-color: rgba(0, 0, 0, 0); margin: 0px; padding: 2px 0px; list-style-position: initial; list-style-image: initial; list-style-type: inherit; color: rgb(72, 72, 72) !important;\">Strap Type:Bracelet</li><li style=\"-webkit-tap-highlight-color: rgba(0, 0, 0, 0); margin: 0px; padding: 2px 0px; list-style-position: initial; list-style-image: initial; list-style-type: inherit; color: rgb(72, 72, 72) !important;\">Case/Bezel Material:Stainless Steel Case</li><li style=\"-webkit-tap-highlight-color: rgba(0, 0, 0, 0); margin: 0px; padding: 2px 0px; list-style-position: initial; list-style-image: initial; list-style-type: inherit; color: rgb(72, 72, 72) !important;\">Water Resistance Depth:50</li><li style=\"-webkit-tap-highlight-color: rgba(0, 0, 0, 0); margin: 0px; padding: 2px 0px; list-style-position: initial; list-style-image: initial; list-style-type: inherit; color: rgb(72, 72, 72) !important;\">Date Display:Yes</li><li style=\"-webkit-tap-highlight-color: rgba(0, 0, 0, 0); margin: 0px; padding: 2px 0px; list-style-position: initial; list-style-image: initial; list-style-type: inherit; color: rgb(72, 72, 72) !important;\">Tourbillon:No</li><li style=\"-webkit-tap-highlight-color: rgba(0, 0, 0, 0); margin: 0px; padding: 2px 0px; list-style-position: initial; list-style-image: initial; list-style-type: inherit; color: rgb(72, 72, 72) !important;\">Compass:NA</li><li style=\"-webkit-tap-highlight-color: rgba(0, 0, 0, 0); margin: 0px; padding: 2px 0px; list-style-position: initial; list-style-image: initial; list-style-type: inherit; color: rgb(72, 72, 72) !important;\">Clasp Type:Push Button Clasp</li><li style=\"-webkit-tap-highlight-color: rgba(0, 0, 0, 0); margin: 0px; padding: 2px 0px; list-style-position: initial; list-style-image: initial; list-style-type: inherit; color: rgb(72, 72, 72) !important;\">Alarm Clock:No</li><li style=\"-webkit-tap-highlight-color: rgba(0, 0, 0, 0); margin: 0px; padding: 2px 0px; list-style-position: initial; list-style-image: initial; list-style-type: inherit; color: rgb(72, 72, 72) !important;\">Moonphase:No</li><li style=\"-webkit-tap-highlight-color: rgba(0, 0, 0, 0); margin: 0px; padding: 2px 0px; list-style-position: initial; list-style-image: initial; list-style-type: inherit; color: rgb(72, 72, 72) !important;\">Box Material:Cardboard</li><li style=\"-webkit-tap-highlight-color: rgba(0, 0, 0, 0); margin: 0px; padding: 2px 0px; list-style-position: initial; list-style-image: initial; list-style-type: inherit; color: rgb(72, 72, 72) !important;\">Dial Color:Blue</li><li style=\"-webkit-tap-highlight-color: rgba(0, 0, 0, 0); margin: 0px; padding: 2px 0px; list-style-position: initial; list-style-image: initial; list-style-type: inherit; color: rgb(72, 72, 72) !important;\">Thickness:8 mm</li><li style=\"-webkit-tap-highlight-color: rgba(0, 0, 0, 0); margin: 0px; padding: 2px 0px; list-style-position: initial; list-style-image: initial; list-style-type: inherit; color: rgb(72, 72, 72) !important;\">Diameter:34 mm</li><li style=\"-webkit-tap-highlight-color: rgba(0, 0, 0, 0); margin: 0px; padding: 2px 0px; list-style-position: initial; list-style-image: initial; list-style-type: inherit; color: rgb(72, 72, 72) !important;\">Weight:122 g</li><li style=\"-webkit-tap-highlight-color: rgba(0, 0, 0, 0); margin: 0px; padding: 2px 0px; list-style-position: initial; list-style-image: initial; list-style-type: inherit; color: rgb(72, 72, 72) !important;\">Other Body Features:Stainless Steel Case at Back</li><li style=\"-webkit-tap-highlight-color: rgba(0, 0, 0, 0); margin: 0px; padding: 2px 0px; list-style-position: initial; list-style-image: initial; list-style-type: inherit; color: rgb(72, 72, 72) !important;\">Sales Package:Warranty Card, Instructions Manual, Watch Pillow</li></ul><p style=\"-webkit-tap-highlight-color: rgba(0, 0, 0, 0); font-family: Roboto, sans-serif; font-size: 13px; margin-right: 0px; margin-left: 0px; padding: 6px 0px; letter-spacing: 0.007px;\"><strong style=\"-webkit-tap-highlight-color: rgba(0, 0, 0, 0); font-weight: bold;\">Warranty: 2Years</strong></p>', 'titan-men-watch-3298359.jpg', 'TI-53487', 'titan-men-watch-3298359', '2023-02-04 05:25:40', '2023-02-04 05:25:41'),
(15, 'Zara Men Jacket', 1550.00, 20.00, 1240.00, 2, 10, 5, 'Shohure Olive color Double part air proof jacket', '<h2 class=\"pdp-mod-section-title outer-title\" data-spm-anchor-id=\"a2a0e.pdp.0.i2.68deTHiOTHiOZ5\" style=\"margin-right: 0px; margin-left: 0px; padding: 0px 24px; font-weight: 500; font-family: Roboto-Medium; font-size: 16px; line-height: 52px; color: rgb(33, 33, 33); overflow: hidden; text-overflow: ellipsis; white-space: nowrap; height: 52px; background: rgb(250, 250, 250);\">Product details of Shohure Olive color Double part air proof jacket</h2><div class=\"pdp-product-detail\" data-spm=\"product_detail\" style=\"margin: 0px; padding: 0px; position: relative; font-family: Roboto, -apple-system, BlinkMacSystemFont, &quot;Helvetica Neue&quot;, Helvetica, sans-serif; font-size: 12px;\"><div class=\"pdp-product-desc height-limit\" style=\"margin: 0px; padding: 5px 14px 5px 24px; height: 780px; overflow-y: hidden;\"><div class=\"html-content pdp-product-highlights\" style=\"margin: 0px; padding: 11px 0px 16px; word-break: break-word; border-bottom: 1px solid rgb(239, 240, 245); overflow: hidden;\"><ul class=\"\" style=\"margin-right: 0px; margin-bottom: 0px; margin-left: 0px; padding: 0px; list-style: none; overflow: hidden; columns: auto 2; column-gap: 32px;\"><li class=\"\" style=\"margin: 0px; padding: 0px 0px 0px 15px; position: relative; font-size: 14px; line-height: 18px; text-align: left; list-style: none; word-break: break-word; break-inside: avoid;\">Fabric : Upper - China microfiber ; Inner - Padding (Synthetic fiber)</li><li class=\"\" style=\"margin: 0px; padding: 0px 0px 0px 15px; position: relative; font-size: 14px; line-height: 18px; text-align: left; list-style: none; word-break: break-word; break-inside: avoid;\">Fabric Color : Olive</li><li class=\"\" style=\"margin: 0px; padding: 0px 0px 0px 15px; position: relative; font-size: 14px; line-height: 18px; text-align: left; list-style: none; word-break: break-word; break-inside: avoid;\">Cuff, Bottom &amp; Collar : Lycra polyester 2x1 rib</li><li class=\"\" style=\"margin: 0px; padding: 0px 0px 0px 15px; position: relative; font-size: 14px; line-height: 18px; text-align: left; list-style: none; word-break: break-word; break-inside: avoid;\">Embroidery : Chest logo &amp; Left side sleeve embroidered</li><li class=\"\" style=\"margin: 0px; padding: 0px 0px 0px 15px; position: relative; font-size: 14px; line-height: 18px; text-align: left; list-style: none; word-break: break-word; break-inside: avoid;\">Pocket : 2 Front side pocket &amp; 1 inner pocket available.</li><li class=\"\" style=\"margin: 0px; padding: 0px 0px 0px 15px; position: relative; font-size: 14px; line-height: 18px; text-align: left; list-style: none; word-break: break-word; break-inside: avoid;\">Gernder : Male</li></ul></div></div></div>', '<p style=\"margin-right: 0px; margin-left: 0px; padding: 8px 0px; font-family: Roboto, -apple-system, BlinkMacSystemFont, &quot;Helvetica Neue&quot;, Helvetica, sans-serif; white-space: pre-wrap;\"><span style=\"margin: 0px; padding: 0px; font-size: 11.5pt; font-family: helvetica, sans-serif; color: rgb(5, 5, 5); font-variant-numeric: normal; font-variant-east-asian: normal; vertical-align: baseline;\">Product Speciality :</span></p><ul style=\"margin-right: 0px; margin-bottom: 0px; margin-left: 10px; padding: 0px; list-style-position: initial; list-style-image: initial; font-family: Roboto, -apple-system, BlinkMacSystemFont, &quot;Helvetica Neue&quot;, Helvetica, sans-serif; font-size: 12px; padding-inline-start: 48px;\"><li style=\"margin: 0px; padding: 0px; list-style-type: disc; font-size: 11.5pt; font-family: helvetica, sans-serif; color: rgb(5, 5, 5); background-color: transparent; font-variant-numeric: normal; font-variant-east-asian: normal; vertical-align: baseline; white-space: pre;\"><p style=\"margin-right: 0px; margin-left: 0px; padding: 8px 0px; font-size: 14px; line-height: 1.38; white-space: pre-wrap;\"><span style=\"margin: 0px; padding: 0px; font-size: 11.5pt; font-variant-numeric: normal; font-variant-east-asian: normal; vertical-align: baseline;\">Premium quality product.</span></p></li><li style=\"margin: 0px; padding: 0px; list-style-type: disc; font-size: 11.5pt; font-family: helvetica, sans-serif; color: rgb(5, 5, 5); background-color: transparent; font-variant-numeric: normal; font-variant-east-asian: normal; vertical-align: baseline; white-space: pre;\"><p style=\"margin-right: 0px; margin-left: 0px; padding: 8px 0px; font-size: 14px; line-height: 1.38; white-space: pre-wrap;\"><span style=\"margin: 0px; padding: 0px; font-size: 11.5pt; font-variant-numeric: normal; font-variant-east-asian: normal; vertical-align: baseline;\">Weather friendly fabric thickness.</span></p></li><li style=\"margin: 0px; padding: 0px; list-style-type: disc; font-size: 11.5pt; font-family: helvetica, sans-serif; color: rgb(5, 5, 5); background-color: transparent; font-variant-numeric: normal; font-variant-east-asian: normal; vertical-align: baseline; white-space: pre;\"><p style=\"margin-right: 0px; margin-left: 0px; padding: 8px 0px; font-size: 14px; line-height: 1.38; white-space: pre-wrap;\"><span style=\"margin: 0px; padding: 0px; font-size: 11.5pt; font-variant-numeric: normal; font-variant-east-asian: normal; vertical-align: baseline;\">Innovative design in cuff-bottom.</span></p></li><li style=\"margin: 0px; padding: 0px; list-style-type: disc; font-size: 11.5pt; font-family: helvetica, sans-serif; color: rgb(5, 5, 5); background-color: transparent; font-variant-numeric: normal; font-variant-east-asian: normal; vertical-align: baseline; white-space: pre;\"><p style=\"margin-right: 0px; margin-left: 0px; padding: 8px 0px; font-size: 14px; line-height: 1.38; white-space: pre-wrap;\"><span style=\"margin: 0px; padding: 0px; font-size: 11.5pt; font-variant-numeric: normal; font-variant-east-asian: normal; vertical-align: baseline;\">Synthetic fiber in the inner part to restrict outer air.</span></p></li><li style=\"margin: 0px; padding: 0px; list-style-type: disc; font-size: 11.5pt; font-family: helvetica, sans-serif; color: rgb(5, 5, 5); background-color: transparent; font-variant-numeric: normal; font-variant-east-asian: normal; vertical-align: baseline; white-space: pre;\"><p style=\"margin-right: 0px; margin-left: 0px; padding: 8px 0px; font-size: 14px; line-height: 1.38; white-space: pre-wrap;\"><span style=\"margin: 0px; padding: 0px; font-size: 11.5pt; font-variant-numeric: normal; font-variant-east-asian: normal; vertical-align: baseline;\">Suitable for wearing in parties, programs and offices.</span></p></li><li style=\"margin: 0px; padding: 0px; list-style-type: disc; font-size: 11.5pt; font-family: helvetica, sans-serif; color: rgb(5, 5, 5); background-color: transparent; font-variant-numeric: normal; font-variant-east-asian: normal; vertical-align: baseline; white-space: pre;\"><p style=\"margin-right: 0px; margin-left: 0px; padding: 8px 0px; font-size: 14px; line-height: 1.38; white-space: pre-wrap;\"><span style=\"margin: 0px; padding: 0px; font-size: 11.5pt; font-variant-numeric: normal; font-variant-east-asian: normal; vertical-align: baseline;\">Shohure customized design.</span></p></li></ul>', 'zara-men-jacket-3116666.jpg', 'ZA-78729', 'zara-men-jacket-3116666', '2023-02-04 05:29:57', '2023-02-04 05:29:57'),
(16, 'Kappa Men T-Shirt', 1200.00, 0.00, 1200.00, 2, 2, 10, 'Kappa Men T-Shirt Authentic Balmin', '<p style=\"text-align: left;\"><br></p><h2 class=\"softlines\" style=\"text-align: left; padding: 0px 0px 4px; margin-right: 0px; margin-left: 0px; text-rendering: optimizelegibility; line-height: 1.3; font-family: &quot;Amazon Ember&quot;, Arial, sans-serif; font-size: 21px !important; color: rgb(51, 51, 51) !important;\">Product Description</h2><div id=\"productDescription\" class=\"a-section a-spacing-small\" style=\"margin: 0.5em 0px 0em 25px; color: rgb(51, 51, 51); overflow-wrap: break-word; font-size: small; line-height: initial; font-family: &quot;Amazon Ember&quot;, Arial, sans-serif;\"><p style=\"text-align: justify; padding: 0px; margin: 0em 0px 1em 1em;\">Italian retro style? Sporty look that convinces both in the club and in the city? That sounds like KAPPA. Founded in Turin in 1967 and supplemented by the world-famous logo in the 1970s, KAPPA continues to inspire us in the 21st century with its unagitated casual look and quality. To stay up to date in streetwear, a little KAPPA is a must in the wardrobe. All right, let\'s go.</p><div id=\"sizeChartV2Data_feature_div\" class=\"celwidget\" data-feature-name=\"sizeChartV2Data\" data-csa-c-type=\"widget\" data-csa-c-content-id=\"sizeChartV2Data\" data-csa-c-slot-id=\"sizeChartV2Data_feature_div\" data-csa-c-asin=\"\" data-csa-c-is-in-initial-active-row=\"false\" data-csa-c-id=\"ylvx7y-a1ckmx-7o17qx-37oj8o\" data-cel-widget=\"sizeChartV2Data_feature_div\" style=\"color: rgb(15, 17, 17); font-size: 14px;\"><span class=\"a-declarative\" data-action=\"a-modal\" data-csa-c-type=\"widget\" data-csa-c-func-deps=\"aui-da-a-modal\" data-a-modal=\"{&quot;name&quot;:&quot;sizeChartV2&quot;,&quot;header&quot;:&quot;Kappa Size Chart&quot;,&quot;height&quot;:&quot;600&quot;}\" data-csa-c-id=\"tiavub-2xzs2z-iscxq2-30neyi\"><a role=\"button\" class=\"a-popover-trigger a-declarative\" style=\"color: rgb(0, 113, 133);\"><span class=\"a-size-small\" style=\"font-size: 12px !important; line-height: 16px !important;\">Size Chart&nbsp;</span><i class=\"a-icon a-icon-popover\" style=\"background-image: url(&quot;https://m.media-amazon.com/images/S/sash/McBZv0ZvnbehkIx.png&quot;); background-size: 400px 900px; background-repeat: no-repeat; display: inline-block; vertical-align: text-top; margin: 5px 0px 0px 0.385em; width: 7px; height: 5px; background-position: -90px -5px; opacity: 0.6;\"></i></a></span></div><div id=\"featurebullets_feature_div\" class=\"celwidget\" data-feature-name=\"featurebullets\" data-csa-c-type=\"widget\" data-csa-c-content-id=\"featurebullets\" data-csa-c-slot-id=\"featurebullets_feature_div\" data-csa-c-asin=\"\" data-csa-c-is-in-initial-active-row=\"false\" data-csa-c-id=\"llcwjh-a5imv0-8lyy98-v7s9ir\" data-cel-widget=\"featurebullets_feature_div\" style=\"color: rgb(15, 17, 17); font-size: 14px;\"><div id=\"feature-bullets\" class=\"a-section a-spacing-medium a-spacing-top-small\" style=\"margin-bottom: 0px; margin-top: 8px !important;\"><ul class=\"a-unordered-list a-vertical a-spacing-mini\" style=\"margin-right: 0px; margin-bottom: 0px; margin-left: 18px; padding: 0px;\"><li style=\"list-style: disc; overflow-wrap: break-word; margin: 0px;\"><span class=\"a-list-item\" style=\"overflow-wrap: break-word; display: block;\">100% Cotton</span></li><li style=\"list-style: disc; overflow-wrap: break-word; margin: 0px;\"><span class=\"a-list-item\" style=\"overflow-wrap: break-word; display: block;\">Pull On closure</span></li><li style=\"list-style: disc; overflow-wrap: break-word; margin: 0px;\"><span class=\"a-list-item\" style=\"overflow-wrap: break-word; display: block;\">Round neckline</span></li><li style=\"list-style: disc; overflow-wrap: break-word; margin: 0px;\"><span class=\"a-list-item\" style=\"overflow-wrap: break-word; display: block;\">Small embroidery application on the front side</span></li><li style=\"list-style: disc; overflow-wrap: break-word; margin: 0px;\"><span class=\"a-list-item\" style=\"overflow-wrap: break-word; display: block;\">Kappa band on the sides</span></li><li style=\"list-style: disc; overflow-wrap: break-word; margin: 0px;\"><span class=\"a-list-item\" style=\"overflow-wrap: break-word; display: block;\">Large logo print on the back</span></li></ul></div></div></div>', '<h2 style=\"padding: 0px 0px 4px; margin-right: 0px; margin-left: 0px; text-rendering: optimizelegibility; font-size: 24px; line-height: 32px; color: rgb(15, 17, 17); font-family: &quot;Amazon Ember&quot;, Arial, sans-serif;\">Product details</h2><div id=\"detailBullets_feature_div\" style=\"color: rgb(15, 17, 17); font-family: &quot;Amazon Ember&quot;, Arial, sans-serif;\"><ul class=\"a-unordered-list a-nostyle a-vertical a-spacing-none detail-bullet-list\" style=\"margin-right: 0px; margin-bottom: 1px; margin-left: 18px; padding: 0px;\"><li style=\"list-style: none; overflow-wrap: break-word; margin: 0px 0px 5.5px;\"><span class=\"a-list-item\"><span class=\"a-text-bold\" style=\"font-weight: 700 !important;\">Package Dimensions  : &nbsp;</span>15.75 x 7.87 x 0.79 inches; 7.05 Ounces</span></li><li style=\"list-style: none; overflow-wrap: break-word; margin: 0px 0px 5.5px;\"><span class=\"a-list-item\"><span class=\"a-text-bold\" style=\"font-weight: 700 !important;\">Item model number  : &nbsp;</span>304IBG0_902_2XL</span></li><li style=\"list-style: none; overflow-wrap: break-word; margin: 0px 0px 5.5px;\"><span class=\"a-list-item\"><span class=\"a-text-bold\" style=\"font-weight: 700 !important;\">Department  : &nbsp;</span>Mens</span></li><li style=\"list-style: none; overflow-wrap: break-word; margin: 0px 0px 5.5px;\"><span class=\"a-list-item\"><span class=\"a-text-bold\" style=\"font-weight: 700 !important;\">Date First Available  : &nbsp;</span>March 1, 2019</span></li><li style=\"list-style: none; overflow-wrap: break-word; margin: 0px 0px 5.5px;\"><span class=\"a-list-item\"><span class=\"a-text-bold\" style=\"font-weight: 700 !important;\">Manufacturer  : &nbsp;</span>Kappa</span></li><li style=\"list-style: none; overflow-wrap: break-word; margin: 0px 0px 5.5px;\"><span class=\"a-list-item\"><span class=\"a-text-bold\" style=\"font-weight: 700 !important;\">ASIN  : &nbsp;</span>B07P68DT1G</span></li></ul></div>', 'kappa-men-t-shirt-6899431.jpg', 'KA-87533', 'kappa-men-t-shirt-6899431', '2023-02-04 05:34:36', '2023-02-04 05:34:37'),
(17, 'HATIL Sofa Wallace', 60000.00, 25.00, 45000.00, 8, 8, 7, 'SOFA SET (6186 WN ZZ)', '<p><span style=\"font-weight: 700; color: rgb(59, 58, 60); font-family: &quot;Open Sans&quot;, Arial, Helvetica, sans-serif; font-size: 13px;\">Why Should You Purchase this sofa?</span><br style=\"color: rgb(59, 58, 60); font-family: &quot;Open Sans&quot;, Arial, Helvetica, sans-serif; font-size: 13px;\"><span style=\"font-weight: 700; color: rgb(59, 58, 60); font-family: &quot;Open Sans&quot;, Arial, Helvetica, sans-serif; font-size: 13px;\">Contemporary Design</span><br style=\"color: rgb(59, 58, 60); font-family: &quot;Open Sans&quot;, Arial, Helvetica, sans-serif; font-size: 13px;\"><span style=\"color: rgb(59, 58, 60); font-family: &quot;Open Sans&quot;, Arial, Helvetica, sans-serif; font-size: 13px;\">The exquisite wavy design of this sofa makes it a centre of attention in any living room. This sofa will fit perfectly into any spacious living room. This sofa might be an excellent choice for those who love a sofa set with genuine leather or high-quality imported fabric.</span><br style=\"color: rgb(59, 58, 60); font-family: &quot;Open Sans&quot;, Arial, Helvetica, sans-serif; font-size: 13px;\"><br style=\"color: rgb(59, 58, 60); font-family: &quot;Open Sans&quot;, Arial, Helvetica, sans-serif; font-size: 13px;\"><span style=\"font-weight: 700; color: rgb(59, 58, 60); font-family: &quot;Open Sans&quot;, Arial, Helvetica, sans-serif; font-size: 13px;\">World Class Imported Materials</span><br style=\"color: rgb(59, 58, 60); font-family: &quot;Open Sans&quot;, Arial, Helvetica, sans-serif; font-size: 13px;\"><a href=\"https://hatil.com/about-hatil\" style=\"background-color: rgb(255, 255, 255); color: rgb(235, 28, 35); outline: none 0px; transition: all 0.1s ease-in-out 0s; font-family: &quot;Open Sans&quot;, Arial, Helvetica, sans-serif; font-size: 13px;\">HATIL</a><span style=\"color: rgb(59, 58, 60); font-family: &quot;Open Sans&quot;, Arial, Helvetica, sans-serif; font-size: 13px;\">&nbsp;uses world-class raw materials- German Beech Wood, Imported High-Quality Fabric, and Italian Lacquer. With this combination, you will get an international standard product.</span><br></p>', '<div><h3 style=\"text-align: left; font-family: &quot;Open Sans&quot;, Arial, Helvetica, sans-serif; font-weight: 400; line-height: 35px; color: rgb(59, 58, 60); margin-right: 0px; margin-left: 0px; font-size: 22px; padding: 0px 0px 20px; background-color: rgb(249, 249, 249);\">Products and Service Information</h3></div><div><ul style=\"margin-bottom: 10px; color: rgb(59, 58, 60); font-family: &quot;Open Sans&quot;, Arial, Helvetica, sans-serif; font-size: 13px; background-color: rgb(249, 249, 249); list-style-type: circle;\"><li>Made from Kiln-dried imported&nbsp;Beech veneered engineered wood.</li><li>High quality environment friendly Italian Ultra Violet (UV) and Polyurethane (PU) Lacquer in antique finish</li><li>Please refer to images for dimension details</li><li>Imported fabric upholstery with soft and durable cushioning. Fabric can be selected from available options</li><li>Fabric can be dry-cleaned</li><li>Any assembly or installation required will be done by the HATIL team at the time of delivery (one day after delivery for CKD items)</li><li>Imported high quality hardware fittings</li><li>Indoor use only</li><li>Most of our furniture is made of natural components, which will have natural differences in grain construction and occasional minor blemish.</li></ul></div>', 'hatil-sofa-wallace-6493506.jpg', 'HA-59624', 'hatil-sofa-wallace-6493506', '2023-02-04 05:44:02', '2023-02-04 05:44:02'),
(18, 'Gucci Ladies Bag', 2150.00, 10.00, 1935.00, 3, 3, 1, 'Ophidia Small GG Supreme shoulder bag', '<p>style details</p><p>Gucci\'s Ophidia styles reflect Alessandro Michele\'s deep-rooted fascination with Greek mythology. Appearing in a GG Supreme canvas, this style has leather trims and a Double G logo plaque.</p><p><br></p><p>Gucci\'s Ophidia styles reflect Alessandro Michele\'s deep-rooted fascination with Greek mythology. Appearing in a GG Supreme canvas, this style has leather trims and a Double G logo plaque.</p><p><br></p><p>material: fabric</p><p>trim: leather</p><p>internal details: leather lining, fabric lining, bill slot</p><p>adjustable shoulder strap</p>', '<p>size &amp; fit</p><p>Max. height 16cm-6.5\"</p><p>Max. width 25cm-10\"</p><p>Depth 6cm-2.5\"</p><p>Length of handle 40cm-15.5\"</p><p>If you have any questions, please call our customer care team at +49 89 127695-101</p><p>Argentina: 0800-666-0663</p><p>Chile: 800-914-515</p><p>Colombia: 01800-518-5268</p><p>Mexico: 01-800-099-0703</p><p>Peru: 0800-78259</p><p>Puerto Rico: 1-787-303-4205</p>', 'gucci-ladies-bag-7202928.jpg', 'GU-44799', 'gucci-ladies-bag-7202928', '2023-02-04 07:54:33', '2023-02-04 07:54:34'),
(19, 'Jaime Walters', 2000.00, 40.00, 1200.00, 6, 5, 8, 'Uta Richmond', 'fsfsdfsafasasfsfsffsdasdsfsddf', 'fsfsfsdfdsfdsfsfsdfsfsfsfsfsfdsf', 'jaime-walters-5750881.png', 'JA-37601', 'jaime-walters-1829692', '2023-02-05 08:22:22', '2023-02-05 08:22:22');

-- --------------------------------------------------------

--
-- Table structure for table `product_galleries`
--

CREATE TABLE `product_galleries` (
  `id` bigint(20) UNSIGNED NOT NULL,
  `product_id` varchar(255) DEFAULT NULL,
  `gallery` varchar(255) DEFAULT NULL,
  `created_at` timestamp NULL DEFAULT NULL,
  `updated_at` timestamp NULL DEFAULT NULL
) ENGINE=InnoDB DEFAULT CHARSET=utf8mb4 COLLATE=utf8mb4_unicode_ci;

--
-- Dumping data for table `product_galleries`
--

INSERT INTO `product_galleries` (`id`, `product_id`, `gallery`, `created_at`, `updated_at`) VALUES
(1, '1', 'gucci-ladies-bag-37461780.jpg', '2023-02-03 17:44:22', NULL),
(2, '1', 'gucci-ladies-bag-37461781.jpg', '2023-02-03 17:44:23', NULL),
(3, '1', 'gucci-ladies-bag-37461782.jpg', '2023-02-03 17:44:24', NULL),
(7, '5', 'apple-iphone-14-pro-max-41419320.jpg', '2023-02-03 18:16:13', NULL),
(8, '5', 'apple-iphone-14-pro-max-41419321.jpg', '2023-02-03 18:16:14', NULL),
(9, '5', 'apple-iphone-14-pro-max-41419322.jpg', '2023-02-03 18:16:14', NULL),
(13, '12', 'sony-bravia-smart-led-android-tv-89098310.jpg', '2023-02-03 18:49:11', NULL),
(14, '12', 'sony-bravia-smart-led-android-tv-89098311.jpg', '2023-02-03 18:49:11', NULL),
(15, '12', 'sony-bravia-smart-led-android-tv-89098312.jpg', '2023-02-03 18:49:11', NULL),
(16, '13', 'nicke-men-jersey-91980280.jpg', '2023-02-04 05:17:16', NULL),
(17, '13', 'nicke-men-jersey-91980281.jpg', '2023-02-04 05:17:18', NULL),
(18, '13', 'nicke-men-jersey-91980282.jpg', '2023-02-04 05:17:18', NULL),
(19, '14', 'titan-men-watch-32983590.jpg', '2023-02-04 05:25:41', NULL),
(20, '14', 'titan-men-watch-32983591.jpg', '2023-02-04 05:25:42', NULL),
(21, '14', 'titan-men-watch-32983592.jpg', '2023-02-04 05:25:43', NULL),
(22, '15', 'zara-men-jacket-31166660.jpg', '2023-02-04 05:29:57', NULL),
(23, '15', 'zara-men-jacket-31166661.jpg', '2023-02-04 05:29:58', NULL),
(24, '15', 'zara-men-jacket-31166662.jpg', '2023-02-04 05:29:58', NULL),
(25, '16', 'kappa-men-t-shirt-68994310.jpg', '2023-02-04 05:34:38', NULL),
(26, '16', 'kappa-men-t-shirt-68994311.jpg', '2023-02-04 05:34:38', NULL),
(27, '16', 'kappa-men-t-shirt-68994312.jpg', '2023-02-04 05:34:38', NULL),
(28, '17', 'hatil-sofa-wallace-64935060.jpg', '2023-02-04 05:44:02', NULL),
(29, '17', 'hatil-sofa-wallace-64935061.jpg', '2023-02-04 05:44:03', NULL),
(30, '17', 'hatil-sofa-wallace-64935062.jpg', '2023-02-04 05:44:03', NULL),
(31, '18', 'gucci-ladies-bag-72029280.jpg', '2023-02-04 07:54:36', NULL),
(32, '18', 'gucci-ladies-bag-72029281.jpg', '2023-02-04 07:54:36', NULL),
(33, '18', 'gucci-ladies-bag-72029282.jpg', '2023-02-04 07:54:37', NULL),
(37, '19', 'jaime-walters-84445980.jpg', '2023-02-05 05:05:24', NULL),
(38, '19', 'jaime-walters-84445981.png', '2023-02-05 05:05:24', NULL),
(39, '19', 'jaime-walters-84445982.png', '2023-02-05 05:05:24', NULL);

-- --------------------------------------------------------

--
-- Table structure for table `sizes`
--

CREATE TABLE `sizes` (
  `id` bigint(20) UNSIGNED NOT NULL,
  `category_id` int(11) DEFAULT NULL,
  `size_name` varchar(255) DEFAULT NULL,
  `created_at` timestamp NULL DEFAULT NULL,
  `updated_at` timestamp NULL DEFAULT NULL
) ENGINE=InnoDB DEFAULT CHARSET=utf8mb4 COLLATE=utf8mb4_unicode_ci;

--
-- Dumping data for table `sizes`
--

INSERT INTO `sizes` (`id`, `category_id`, `size_name`, `created_at`, `updated_at`) VALUES
(1, NULL, 'NA', '2023-02-11 07:08:15', NULL),
(2, 2, 'S', '2023-02-11 07:14:33', NULL),
(3, 2, 'M', '2023-02-11 07:14:41', NULL),
(4, 2, 'L', '2023-02-11 07:15:00', NULL),
(5, 2, 'XL', '2023-02-11 07:15:28', NULL),
(6, 1, '54 inch', '2023-02-11 07:16:02', NULL),
(7, 1, '62 inch', '2023-02-11 07:16:15', NULL),
(8, 7, 'S', '2023-02-11 07:17:24', NULL),
(9, 7, 'M', '2023-02-11 07:17:34', NULL),
(10, 7, 'L', '2023-02-11 07:17:52', NULL),
(11, 2, 'XXL', '2023-02-11 07:31:13', NULL),
(12, 5, 'NA', '2023-02-15 01:52:58', NULL),
(13, 3, 'NA', '2023-02-16 03:51:44', NULL),
(14, 2, 'NA', '2023-02-16 03:52:24', NULL),
(15, 1, 'NA', '2023-02-16 03:52:40', NULL),
(16, 6, 'NA', '2023-02-16 03:52:51', NULL),
(17, 7, 'NA', '2023-02-16 03:53:01', NULL),
(18, 4, 'NA', '2023-02-16 03:53:22', NULL),
(19, 6, 'NA', '2023-02-16 03:53:36', NULL),
(20, 8, 'NA', '2023-02-16 03:53:45', NULL),
(21, 7, 'XL', '2023-02-21 05:40:20', NULL),
(22, 7, 'XXL', '2023-02-21 05:40:36', NULL);

-- --------------------------------------------------------

--
-- Table structure for table `subcategories`
--

CREATE TABLE `subcategories` (
  `id` bigint(20) UNSIGNED NOT NULL,
  `subcategory_name` varchar(255) NOT NULL,
  `category_id` int(11) NOT NULL,
  `subcategory_image` varchar(255) DEFAULT NULL,
  `deleted_at` timestamp NULL DEFAULT NULL,
  `created_at` timestamp NULL DEFAULT NULL,
  `updated_at` timestamp NULL DEFAULT NULL
) ENGINE=InnoDB DEFAULT CHARSET=utf8mb4 COLLATE=utf8mb4_unicode_ci;

--
-- Dumping data for table `subcategories`
--

INSERT INTO `subcategories` (`id`, `subcategory_name`, `category_id`, `subcategory_image`, `deleted_at`, `created_at`, `updated_at`) VALUES
(1, 'Television', 1, 'television-613812.png', NULL, NULL, NULL),
(2, 'Tshirt', 2, 'tshirt-805431.png', NULL, NULL, NULL),
(3, 'Bags', 3, 'bags-130960.png', NULL, NULL, NULL),
(4, 'Pampers', 4, 'pampers-342030.png', NULL, NULL, NULL),
(5, 'History', 5, 'history-407983.png', NULL, NULL, NULL),
(6, 'Dogs', 6, 'dogs-985801.png', NULL, NULL, NULL),
(7, 'Jersey', 7, 'jersey-948103.png', NULL, NULL, NULL),
(8, 'Sofa', 8, 'sofa-220477.png', NULL, NULL, NULL),
(9, 'Mobile', 1, 'mobile-343916.png', NULL, NULL, NULL),
(10, 'Jacket', 2, 'jacket-370489.png', NULL, NULL, NULL),
(11, 'Watch', 3, 'watch-110376.png', NULL, NULL, NULL);

-- --------------------------------------------------------

--
-- Table structure for table `users`
--

CREATE TABLE `users` (
  `id` bigint(20) UNSIGNED NOT NULL,
  `name` varchar(255) NOT NULL,
  `email` varchar(255) NOT NULL,
  `email_verified_at` timestamp NULL DEFAULT NULL,
  `password` varchar(255) NOT NULL,
  `photo` varchar(255) DEFAULT NULL,
  `remember_token` varchar(100) DEFAULT NULL,
  `created_at` timestamp NULL DEFAULT NULL,
  `updated_at` timestamp NULL DEFAULT NULL
) ENGINE=InnoDB DEFAULT CHARSET=utf8mb4 COLLATE=utf8mb4_unicode_ci;

--
-- Dumping data for table `users`
--

INSERT INTO `users` (`id`, `name`, `email`, `email_verified_at`, `password`, `photo`, `remember_token`, `created_at`, `updated_at`) VALUES
(1, 'henobofuva', 'cibygyv@mailinator.com', NULL, '$2y$10$doZ1DkRL9ABcHnoXg.DByu1YcMZFDmiW4Q86fEhbZGgkq7bj7R8lW', '1.jpg', NULL, '2022-12-20 11:14:08', '2023-01-02 11:59:41'),
(3, 'Mike Hermann PhD', 'mayert.mary@example.org', '2022-12-21 11:18:22', '$2y$10$92IXUNpkjO0rOQ5byMi.Ye4oKoEa3Ro9llC/.og/at2.uheWG/igi', NULL, 'Qwf3a3Wo0o', '2022-12-21 11:18:22', '2022-12-21 11:18:22'),
(7, 'Mr. Evans Dach', 'dietrich.carmelo@example.net', '2022-12-21 11:18:22', '$2y$10$92IXUNpkjO0rOQ5byMi.Ye4oKoEa3Ro9llC/.og/at2.uheWG/igi', NULL, '1eWzL6epJN', '2022-12-21 11:18:22', '2022-12-21 11:18:22'),
(8, 'Andres Rempel', 'fernando24@example.net', '2022-12-21 11:18:22', '$2y$10$92IXUNpkjO0rOQ5byMi.Ye4oKoEa3Ro9llC/.og/at2.uheWG/igi', NULL, 'bF2yQltNHq', '2022-12-21 11:18:22', '2022-12-21 11:18:22'),
(9, 'Gladyce Runolfsdottir I', 'vzieme@example.org', '2022-12-21 11:18:22', '$2y$10$92IXUNpkjO0rOQ5byMi.Ye4oKoEa3Ro9llC/.og/at2.uheWG/igi', NULL, 'QykpHeObG4', '2022-12-21 11:18:22', '2022-12-21 11:18:22'),
(25, 'tyrav', 'tehesuz@mailinator.com', NULL, '$2y$10$0vjy6kZo00GIPgNybmW9yeahAtdmMuarpQa5pTFy7OuR3Q0T/0fxS', '25.jpg', NULL, '2023-01-04 10:20:53', '2023-01-04 10:33:58');

--
-- Indexes for dumped tables
--

--
-- Indexes for table `brands`
--
ALTER TABLE `brands`
  ADD PRIMARY KEY (`id`);

--
-- Indexes for table `categories`
--
ALTER TABLE `categories`
  ADD PRIMARY KEY (`id`),
  ADD UNIQUE KEY `categories_category_name_unique` (`category_name`);

--
-- Indexes for table `colors`
--
ALTER TABLE `colors`
  ADD PRIMARY KEY (`id`);

--
-- Indexes for table `failed_jobs`
--
ALTER TABLE `failed_jobs`
  ADD PRIMARY KEY (`id`),
  ADD UNIQUE KEY `failed_jobs_uuid_unique` (`uuid`);

--
-- Indexes for table `inventories`
--
ALTER TABLE `inventories`
  ADD PRIMARY KEY (`id`);

--
-- Indexes for table `migrations`
--
ALTER TABLE `migrations`
  ADD PRIMARY KEY (`id`);

--
-- Indexes for table `password_resets`
--
ALTER TABLE `password_resets`
  ADD KEY `password_resets_email_index` (`email`);

--
-- Indexes for table `personal_access_tokens`
--
ALTER TABLE `personal_access_tokens`
  ADD PRIMARY KEY (`id`),
  ADD UNIQUE KEY `personal_access_tokens_token_unique` (`token`),
  ADD KEY `personal_access_tokens_tokenable_type_tokenable_id_index` (`tokenable_type`,`tokenable_id`);

--
-- Indexes for table `products`
--
ALTER TABLE `products`
  ADD PRIMARY KEY (`id`);

--
-- Indexes for table `product_galleries`
--
ALTER TABLE `product_galleries`
  ADD PRIMARY KEY (`id`);

--
-- Indexes for table `sizes`
--
ALTER TABLE `sizes`
  ADD PRIMARY KEY (`id`);

--
-- Indexes for table `subcategories`
--
ALTER TABLE `subcategories`
  ADD PRIMARY KEY (`id`);

--
-- Indexes for table `users`
--
ALTER TABLE `users`
  ADD PRIMARY KEY (`id`),
  ADD UNIQUE KEY `users_email_unique` (`email`);

--
-- AUTO_INCREMENT for dumped tables
--

--
-- AUTO_INCREMENT for table `brands`
--
ALTER TABLE `brands`
  MODIFY `id` bigint(20) UNSIGNED NOT NULL AUTO_INCREMENT, AUTO_INCREMENT=11;

--
-- AUTO_INCREMENT for table `categories`
--
ALTER TABLE `categories`
  MODIFY `id` bigint(20) UNSIGNED NOT NULL AUTO_INCREMENT, AUTO_INCREMENT=18;

--
-- AUTO_INCREMENT for table `colors`
--
ALTER TABLE `colors`
  MODIFY `id` bigint(20) UNSIGNED NOT NULL AUTO_INCREMENT, AUTO_INCREMENT=12;

--
-- AUTO_INCREMENT for table `failed_jobs`
--
ALTER TABLE `failed_jobs`
  MODIFY `id` bigint(20) UNSIGNED NOT NULL AUTO_INCREMENT;

--
-- AUTO_INCREMENT for table `inventories`
--
ALTER TABLE `inventories`
  MODIFY `id` bigint(20) UNSIGNED NOT NULL AUTO_INCREMENT, AUTO_INCREMENT=29;

--
-- AUTO_INCREMENT for table `migrations`
--
ALTER TABLE `migrations`
  MODIFY `id` int(10) UNSIGNED NOT NULL AUTO_INCREMENT, AUTO_INCREMENT=23;

--
-- AUTO_INCREMENT for table `personal_access_tokens`
--
ALTER TABLE `personal_access_tokens`
  MODIFY `id` bigint(20) UNSIGNED NOT NULL AUTO_INCREMENT;

--
-- AUTO_INCREMENT for table `products`
--
ALTER TABLE `products`
  MODIFY `id` bigint(20) UNSIGNED NOT NULL AUTO_INCREMENT, AUTO_INCREMENT=20;

--
-- AUTO_INCREMENT for table `product_galleries`
--
ALTER TABLE `product_galleries`
  MODIFY `id` bigint(20) UNSIGNED NOT NULL AUTO_INCREMENT, AUTO_INCREMENT=40;

--
-- AUTO_INCREMENT for table `sizes`
--
ALTER TABLE `sizes`
  MODIFY `id` bigint(20) UNSIGNED NOT NULL AUTO_INCREMENT, AUTO_INCREMENT=23;

--
-- AUTO_INCREMENT for table `subcategories`
--
ALTER TABLE `subcategories`
  MODIFY `id` bigint(20) UNSIGNED NOT NULL AUTO_INCREMENT, AUTO_INCREMENT=12;

--
-- AUTO_INCREMENT for table `users`
--
ALTER TABLE `users`
  MODIFY `id` bigint(20) UNSIGNED NOT NULL AUTO_INCREMENT, AUTO_INCREMENT=26;
COMMIT;

/*!40101 SET CHARACTER_SET_CLIENT=@OLD_CHARACTER_SET_CLIENT */;
/*!40101 SET CHARACTER_SET_RESULTS=@OLD_CHARACTER_SET_RESULTS */;
/*!40101 SET COLLATION_CONNECTION=@OLD_COLLATION_CONNECTION */;
